Ip;datetime;Method HTTP;URL;code_status;
66.249.64.2;2023-10-14 00:00:17;GET;/api/projet;500;
205.210.31.93;2023-10-14 00:06:24;GET;/;200;
198.235.24.22;2023-10-14 00:17:36;GET;/;301;
198.235.24.22;2023-10-14 00:17:37;GET;/;200;
205.210.31.145;2023-10-14 00:21:08;GET;/;301;
205.210.31.145;2023-10-14 00:21:15;GET;/?u=_bimi;200;
198.235.24.164;2023-10-14 00:23:32;GET;/;301;
198.235.24.164;2023-10-14 00:23:33;GET;/;200;
205.210.31.60;2023-10-14 00:26:06;GET;/;404;
58.108.49.241;2023-10-14 00:32:54;GET;/;404;
64.225.98.75;2023-10-14 00:40:03;GET;/;301;
64.225.98.75;2023-10-14 00:40:08;GET;/;200;
185.142.236.41;2023-10-14 00:41:36;GET;/;302;
185.142.236.41;2023-10-14 00:41:37;GET;/api;200;
185.142.236.41;2023-10-14 00:41:52;;;400;
185.142.236.41;2023-10-14 00:41:53;;;400;
185.142.236.41;2023-10-14 00:41:54;;;400;
185.142.236.41;2023-10-14 00:41:55;;;400;
185.142.236.41;2023-10-14 00:42:02;GET;/robots.txt;404;
185.142.236.41;2023-10-14 00:42:04;GET;/sitemap.xml;404;
185.142.236.41;2023-10-14 00:42:13;GET;/.well-known/security.txt;404;
185.142.236.41;2023-10-14 00:42:17;GET;/favicon.ico;200;
51.254.49.104;2023-10-14 00:51:11;GET;/;302;
37.187.215.253;2023-10-14 00:57:03;GET;?u=chatgpt;400;
205.210.31.195;2023-10-14 00:59:42;GET;/;200;
198.235.24.239;2023-10-14 01:02:40;GET;/;502;
198.235.24.113;2023-10-14 01:08:41;GET;/;302;
34.79.162.186;2023-10-14 01:16:52;GET;/;404;
198.235.24.168;2023-10-14 01:18:44;GET;/;301;
51.222.253.15;2023-10-14 01:19:44;GET;/robots.txt;301;
51.222.253.15;2023-10-14 01:19:44;GET;/robots.txt;404;
51.222.253.13;2023-10-14 01:19:45;GET;/;301;
80.82.77.202;2023-10-14 01:23:09;GET;/;400;
205.210.31.93;2023-10-14 01:30:50;GET;/;301;
37.187.215.248;2023-10-14 01:34:26;GET;?u=chatgpt;400;
205.210.31.220;2023-10-14 01:42:10;GET;/;302;
198.235.24.126;2023-10-14 01:43:15;GET;/;301;
198.235.24.164;2023-10-14 01:44:13;GET;/;502;
205.210.31.13;2023-10-14 01:49:33;GET;/;301;
205.210.31.13;2023-10-14 01:49:34;GET;/?u=miarana;200;
198.235.24.176;2023-10-14 01:54:42;GET;/;301;
205.210.31.87;2023-10-14 02:02:50;GET;/;200;
173.214.166.170;2023-10-14 02:09:53;GET;/;404;
177.223.108.3;2023-10-14 02:13:37;GET;/;404;
167.248.133.123;2023-10-14 02:15:50;GET;/pluginfile.php/1/core_admin/favicon/64x64/1677907721/fanampy.png;301;
167.248.133.123;2023-10-14 02:15:51;GET;/pluginfile.php/1/core_admin/favicon/64x64/1677907721/fanampy.png;200;
167.248.133.52;2023-10-14 02:23:53;GET;/;302;
167.248.133.52;2023-10-14 02:23:53;GET;/;302;
167.248.133.52;2023-10-14 02:23:54;GET;/;302;
167.248.133.52;2023-10-14 02:23:55;GET;/view/membre.html;200;
167.248.133.52;2023-10-14 02:23:55;GET;/../assets/img/LOGO.png;400;
167.248.133.52;2023-10-14 02:23:56;GET;/favicon.ico;404;
198.235.24.93;2023-10-14 02:32:48;GET;/;301;
83.97.73.94;2023-10-14 02:37:08;;;;
83.97.73.94;2023-10-14 02:37:09;;;;
83.97.73.94;2023-10-14 02:37:09;;;;
205.210.31.150;2023-10-14 02:40:55;GET;/;301;
205.210.31.150;2023-10-14 02:40:57;GET;/?u=arleme;200;
3.137.210.73;2023-10-14 02:42:35;GET;/;200;
3.137.210.73;2023-10-14 02:42:36;GET;/;200;
3.137.210.73;2023-10-14 02:42:55;GET;/vendor/aos/aos.js;404;
3.137.210.73;2023-10-14 02:42:56;GET;/js/main.js;404;
3.137.210.73;2023-10-14 02:42:56;GET;/vendor/bootstrap/js/bootstrap.bundle.min.js;404;
3.137.210.73;2023-10-14 02:42:56;GET;/vendor/counterup/counterup.min.js;404;
3.137.210.73;2023-10-14 02:42:56;GET;/vendor/isotope-layout/isotope.pkgd.min.js;404;
3.137.210.73;2023-10-14 02:42:56;GET;/vendor/venobox/venobox.min.js;404;
3.137.210.73;2023-10-14 02:42:56;GET;/vendor/owl.carousel/owl.carousel.min.js;404;
3.137.210.73;2023-10-14 02:42:57;GET;/vendor/jquery/jquery.min.js;404;
3.137.210.73;2023-10-14 02:42:57;GET;/web/assets/1385-3b442f7/1/web.assets_frontend_minimal.min.js;200;
3.137.210.73;2023-10-14 02:42:58;GET;/web/assets/1490-1a7ffd1/1/web.assets_frontend_lazy.min.js;200;
3.137.210.73;2023-10-14 02:42:58;GET;/vendor/jquery.easing/jquery.easing.min.js;404;
205.210.31.22;2023-10-14 02:53:08;GET;/;200;
66.249.64.174;2023-10-14 02:54:33;GET;/?u=Damia;200;
66.249.64.173;2023-10-14 02:54:36;GET;/libs/css/font-awesome.css;200;
66.249.64.173;2023-10-14 02:54:36;GET;/libs/js/jquery-migrate-3.0.0.min.js;200;
66.249.64.172;2023-10-14 02:54:37;GET;/libs/js/owl.carousel.min.js;200;
66.249.64.173;2023-10-14 02:54:37;GET;/libs/js/proj.js;200;
66.249.64.173;2023-10-14 02:54:37;GET;/libs/js/bootstrap.min.js;200;
66.249.64.173;2023-10-14 02:54:38;GET;/libs/js/validator.js;200;
66.249.64.173;2023-10-14 02:54:38;GET;/libs/js/popper.min.js;200;
198.235.24.30;2023-10-14 03:02:55;GET;/;301;
198.235.24.30;2023-10-14 03:02:56;GET;/;502;
167.248.133.39;2023-10-14 03:06:44;GET;/;404;
167.248.133.39;2023-10-14 03:06:44;GET;/;301;
167.248.133.39;2023-10-14 03:06:44;;;;
167.248.133.39;2023-10-14 03:06:45;GET;/;302;
167.248.133.39;2023-10-14 03:06:46;GET;/view/membre.html;200;
167.248.133.39;2023-10-14 03:06:47;GET;/../assets/img/LOGO.png;400;
167.248.133.39;2023-10-14 03:06:47;GET;/favicon.ico;404;
220.173.208.121;2023-10-14 03:12:20;GET;/favicon.ico;301;
220.173.208.121;2023-10-14 03:12:26;GET;/?u=chatgpt;200;
220.173.208.121;2023-10-14 03:12:34;GET;/;302;
198.199.114.62;2023-10-14 03:12:44;GET;/hudson;404;
94.102.61.80;2023-10-14 03:13:07;GET;/;404;
43.248.108.111;2023-10-14 03:13:07;GET;/favicon.ico;302;
43.248.108.111;2023-10-14 03:13:09;GET;/?u=chatgpt;200;
64.226.98.14;2023-10-14 03:13:36;;;400;
198.235.24.59;2023-10-14 03:16:40;GET;/;301;
198.235.24.59;2023-10-14 03:16:41;GET;/?u=sergio;200;
205.210.31.53;2023-10-14 03:17:27;GET;/;301;
134.209.32.20;2023-10-14 03:20:01;GET;/;302;
134.209.32.20;2023-10-14 03:20:01;GET;/api;200;
134.209.32.20;2023-10-14 03:20:01;GET;/favicon.ico;200;
162.243.150.38;2023-10-14 03:22:07;;;400;
205.210.31.180;2023-10-14 03:22:54;GET;/;301;
205.210.31.180;2023-10-14 03:22:55;GET;/;502;
47.88.5.56;2023-10-14 03:31:38;GET;/;302;
47.88.5.56;2023-10-14 03:31:41;GET;/api;200;
47.254.85.182;2023-10-14 03:31:42;GET;/Public/home/js/check.js;404;
47.251.15.21;2023-10-14 03:31:44;GET;/static/admin/javascript/hetong.js;404;
193.35.18.187;2023-10-14 03:32:55;CONNECT;google.com:443;400;
205.210.31.144;2023-10-14 03:35:34;GET;/;301;
205.210.31.144;2023-10-14 03:35:35;GET;/;200;
66.249.64.9;2023-10-14 03:39:33;GET;/view/projet.html;200;
66.249.64.1;2023-10-14 03:39:45;GET;/api/projet;500;
103.159.239.224;2023-10-14 03:39:56;GET;/wp-login.php;301;
103.159.239.224;2023-10-14 03:39:57;GET;/wp-login.php;404;
149.56.101.200;2023-10-14 03:40:01;GET;/wp-login.php;301;
149.56.101.200;2023-10-14 03:40:08;GET;/?u=stat-baack;200;
198.235.24.49;2023-10-14 03:40:39;GET;/;301;
198.235.24.49;2023-10-14 03:40:40;GET;/?u=api-sesame;200;
205.210.31.48;2023-10-14 03:40:54;;;400;
205.210.31.48;2023-10-14 03:40:54;;;400;
164.90.170.158;2023-10-14 03:42:23;GET;/wp-login.php;301;
164.90.170.158;2023-10-14 03:42:23;GET;/?u=unk;200;
198.235.24.34;2023-10-14 03:42:44;GET;/;301;
198.235.24.34;2023-10-14 03:42:46;GET;/?u=amiral;200;
35.203.210.45;2023-10-14 03:45:12;GET;/;404;
104.248.48.49;2023-10-14 03:48:36;GET;/;301;
104.248.48.49;2023-10-14 03:48:36;GET;/;200;
173.214.166.170;2023-10-14 03:48:55;GET;/;404;
64.227.162.215;2023-10-14 03:49:15;GET;/;301;
64.227.162.215;2023-10-14 03:49:17;GET;/;502;
162.0.221.217;2023-10-14 03:50:24;GET;/wp-login.php;301;
162.0.221.217;2023-10-14 03:50:25;GET;/?u=jwt-auth;200;
64.227.178.247;2023-10-14 03:50:50;GET;/;301;
64.227.178.247;2023-10-14 03:50:51;GET;/;502;
138.68.160.7;2023-10-14 03:52:30;GET;/;301;
138.68.160.7;2023-10-14 03:52:31;GET;/;200;
198.235.24.42;2023-10-14 03:52:59;GET;/;200;
62.204.40.41;2023-10-14 04:00:25;GET;/rpc/;404;
59.178.212.194;2023-10-14 04:03:05;GET;/;404;
59.178.212.194;2023-10-14 04:03:05;GET;/;404;
59.178.212.194;2023-10-14 04:03:05;GET;/;404;
198.235.24.25;2023-10-14 04:03:24;GET;/;200;
198.235.24.221;2023-10-14 04:04:42;GET;/;301;
198.235.24.5;2023-10-14 04:05:24;GET;/;301;
198.235.24.5;2023-10-14 04:05:26;GET;/?u=rojo;200;
51.222.253.19;2023-10-14 04:05:38;GET;/view/membre.html;200;
51.222.253.12;2023-10-14 04:05:41;GET;/assets/js/main.js;200;
51.222.253.8;2023-10-14 04:05:43;GET;/assets/fontawesome/css/fontawesome.min.css;200;
51.222.253.11;2023-10-14 04:05:44;GET;/assets/vendor/jquery/jquery.min.js;200;
51.222.253.20;2023-10-14 04:05:45;GET;/assets/vendor/jquery.easing/jquery.easing.min.js;200;
51.222.253.6;2023-10-14 04:05:46;GET;/assets/css/style.css;200;
51.222.253.8;2023-10-14 04:05:47;GET;/assets/fontawesome/css/all.css;200;
51.222.253.8;2023-10-14 04:05:49;GET;/assets/vendor/bootstrap/js/bootstrap.bundle.min.js;200;
51.222.253.5;2023-10-14 04:05:49;GET;/assets/vendor/aos/aos.js;200;
51.222.253.1;2023-10-14 04:05:50;GET;/assets/fontawesome/css/fontawesome.css;200;
51.222.253.7;2023-10-14 04:05:51;GET;/assets/vendor/icofont/icofont.min.css;200;
51.222.253.14;2023-10-14 04:05:52;GET;/assets/vendor/owl.carousel/owl.carousel.min.js;200;
51.222.253.5;2023-10-14 04:05:53;GET;/assets/vendor/boxicons/css/boxicons.min.css;200;
51.222.253.8;2023-10-14 04:05:54;GET;/assets/vendor/aos/aos.css;200;
51.222.253.12;2023-10-14 04:05:54;GET;/view/membre.html;200;
51.222.253.18;2023-10-14 04:05:55;GET;/assets/vendor/venobox/venobox.min.js;200;
51.222.253.10;2023-10-14 04:05:56;GET;/assets/css/card.css;200;
51.222.253.18;2023-10-14 04:05:56;GET;/view/assets/img/hero-img_1.png;404;
51.222.253.18;2023-10-14 04:05:57;GET;/assets/vendor/bootstrap/css/bootstrap.min.css;200;
51.222.253.13;2023-10-14 04:05:59;GET;/assets/vendor/counterup/counterup.min.js;200;
205.210.31.47;2023-10-14 04:06:26;GET;/;302;
205.210.31.47;2023-10-14 04:06:27;GET;/?u=ntsoa;200;
172.190.12.75;2023-10-14 04:07:05;GET;/?u=arleme'A=0;200;
205.210.31.129;2023-10-14 04:07:24;GET;/;502;
104.197.209.149;2023-10-14 04:08:22;GET;/wp-login.php;301;
104.197.209.149;2023-10-14 04:08:22;GET;/wp-login.php;404;
172.104.81.115;2023-10-14 04:10:18;GET;/wp-login.php;301;
172.104.81.115;2023-10-14 04:10:19;GET;/wp-login.php;404;
52.167.144.55;2023-10-14 04:11:56;GET;/robots.txt;200;
52.167.144.174;2023-10-14 04:12:02;GET;/;200;
162.0.221.217;2023-10-14 04:19:01;GET;/wp-login.php;301;
162.0.221.217;2023-10-14 04:19:01;GET;/wp-login.php;200;
41.140.190.199;2023-10-14 04:21:11;GET;/api.json;404;
205.210.31.186;2023-10-14 04:23:36;GET;/;502;
95.214.53.99;2023-10-14 04:26:32;CONNECT;example.com:443;400;
185.36.81.33;2023-10-14 04:27:35;GET;/;404;
66.249.64.8;2023-10-14 04:29:59;GET;/robots.txt;404;
66.249.64.8;2023-10-14 04:29:59;GET;/?ref=https://codemonkey.link;200;
66.249.64.8;2023-10-14 04:30:01;GET;/assets/vendor/bootstrap/css/bootstrap.min.css;200;
66.249.64.10;2023-10-14 04:30:01;GET;/assets/fontawesome/css/fontawesome.min.css;200;
66.249.64.8;2023-10-14 04:30:02;GET;/assets/vendor/icofont/icofont.min.css;200;
66.249.64.8;2023-10-14 04:30:02;GET;/assets/vendor/boxicons/css/boxicons.min.css;200;
66.249.64.9;2023-10-14 04:30:03;GET;/assets/fontawesome/css/fontawesome.css;200;
66.249.64.8;2023-10-14 04:30:03;GET;/assets/vendor/bootstrap/js/bootstrap.bundle.min.js;200;
66.249.64.8;2023-10-14 04:30:04;GET;/assets/vendor/aos/aos.css;200;
66.249.64.9;2023-10-14 04:30:04;GET;/assets/css/card.css;200;
66.249.64.9;2023-10-14 04:30:05;GET;/assets/js/main.js;200;
66.249.64.8;2023-10-14 04:30:05;GET;/assets/vendor/venobox/venobox.min.js;200;
66.249.64.8;2023-10-14 04:30:05;GET;/assets/vendor/isotope-layout/isotope.pkgd.min.js;200;
66.249.64.8;2023-10-14 04:30:06;GET;/assets/vendor/counterup/counterup.min.js;200;
66.249.64.8;2023-10-14 04:30:06;GET;/assets/vendor/jquery.easing/jquery.easing.min.js;200;
66.249.64.9;2023-10-14 04:30:07;GET;/assets/vendor/jquery/jquery.min.js;200;
66.249.64.8;2023-10-14 04:30:07;GET;/assets/vendor/aos/aos.js;200;
66.249.64.8;2023-10-14 04:30:08;GET;/assets/vendor/owl.carousel/owl.carousel.min.js;200;
66.249.64.8;2023-10-14 04:30:08;GET;/assets/css/style.css;200;
66.249.64.8;2023-10-14 04:30:09;GET;/assets/fontawesome/css/all.css;200;
137.116.141.77;2023-10-14 04:31:05;GET;/wp-login.php;301;
137.116.141.77;2023-10-14 04:31:06;GET;/wp-login.php;502;
83.97.73.87;2023-10-14 04:37:29;GET;/?XDEBUG_SESSION_START=phpstorm;404;
3.84.125.222;2023-10-14 04:44:00;GET;/;301;
3.84.125.222;2023-10-14 04:44:02;GET;/;301;
3.84.125.222;2023-10-14 04:44:03;GET;/?u=www.chatgpt;200;
3.84.125.222;2023-10-14 04:44:03;GET;/libs/css/bootstrap.min.css;200;
3.84.125.222;2023-10-14 04:44:03;GET;/libs/css/et-lineicons.css;200;
3.84.125.222;2023-10-14 04:44:03;GET;/libs/css/font-awesome.css;200;
3.84.125.222;2023-10-14 04:44:03;GET;/libs/css/magnific-popup.css;200;
3.84.125.222;2023-10-14 04:44:03;GET;/libs/css/owl.carousel.min.css;200;
3.84.125.222;2023-10-14 04:44:03;GET;/libs/css/owl.theme.default.min.css;200;
3.84.125.222;2023-10-14 04:44:03;GET;/libs/css/aos.css;200;
3.84.125.222;2023-10-14 04:44:03;GET;/libs/css/style.css;200;
3.84.125.222;2023-10-14 04:44:03;GET;/libs/css/wdcss.css;200;
3.84.125.222;2023-10-14 04:44:03;GET;/libs/bootstrap/css/style.css;200;
3.84.125.222;2023-10-14 04:44:03;GET;/libs/css/pinegram.min.css;200;
3.84.125.222;2023-10-14 04:44:03;GET;/libs/js/jquery-3.0.0.min.js;200;
3.84.125.222;2023-10-14 04:44:03;GET;/libs/js/jquery-migrate-3.0.0.min.js;200;
3.84.125.222;2023-10-14 04:44:03;GET;/libs/js/popper.min.js;200;
3.84.125.222;2023-10-14 04:44:03;GET;/libs/js/bootstrap.min.js;200;
3.84.125.222;2023-10-14 04:44:03;GET;/libs/js/scrollIt.min.js;200;
3.84.125.222;2023-10-14 04:44:03;GET;/libs/js/jquery.waypoints.min.js;200;
3.84.125.222;2023-10-14 04:44:03;GET;/libs/js/owl.carousel.min.js;200;
3.84.125.222;2023-10-14 04:44:03;GET;/libs/js/jquery.magnific-popup.min.js;200;
3.84.125.222;2023-10-14 04:44:03;GET;/libs/js/jquery.stellar.min.js;200;
3.84.125.222;2023-10-14 04:44:03;GET;/libs/js/isotope.pkgd.min.js;200;
3.84.125.222;2023-10-14 04:44:03;GET;/libs/js/validator.js;200;
3.84.125.222;2023-10-14 04:44:03;GET;/libs/js/particles.min.js;200;
3.84.125.222;2023-10-14 04:44:03;GET;/libs/js/autotype.js;200;
3.84.125.222;2023-10-14 04:44:03;GET;/libs/js/aos.js;200;
3.84.125.222;2023-10-14 04:44:03;GET;/libs/js/wscript.js;200;
3.84.125.222;2023-10-14 04:44:03;GET;/libs/js/scripts.js;200;
3.84.125.222;2023-10-14 04:44:03;GET;/libs/js/proj.js;200;
3.84.125.222;2023-10-14 04:44:03;GET;/libs/img/loader.gif;200;
3.84.125.222;2023-10-14 04:44:03;GET;/libs/img/iteams.png;200;
3.84.125.222;2023-10-14 04:44:04;GET;/libs/fonts/et-line.woff;200;
3.84.125.222;2023-10-14 04:44:04;GET;/libs/fonts/fontawesome-webfont-v%3d4.6.3.woff2;200;
45.125.239.179;2023-10-14 04:48:59;GET;/wp-login.php;301;
45.125.239.179;2023-10-14 04:49:01;GET;/wp-login.php;404;
205.210.31.11;2023-10-14 04:55:41;GET;/;301;
205.210.31.11;2023-10-14 04:55:41;GET;/;502;
40.77.167.230;2023-10-14 04:55:46;GET;/;200;
95.179.188.135;2023-10-14 04:55:56;GET;/;301;
170.64.196.210;2023-10-14 05:03:14;GET;/.git/config;404;
170.64.196.210;2023-10-14 05:03:15;GET;/.git/config;404;
83.143.116.3;2023-10-14 05:05:15;GET;/wp-login.php;301;
83.143.116.3;2023-10-14 05:05:16;GET;/wp-login.php;404;
173.214.166.170;2023-10-14 05:12:49;GET;/;404;
152.32.233.30;2023-10-14 05:13:54;GET;/;404;
198.235.24.194;2023-10-14 05:16:42;GET;/;200;
3.91.29.0;2023-10-14 05:18:30;GET;/;301;
3.91.29.0;2023-10-14 05:18:31;GET;/;301;
3.91.29.0;2023-10-14 05:18:32;GET;/?u=chatgpt;200;
3.91.29.0;2023-10-14 05:18:32;GET;/libs/css/bootstrap.min.css;200;
3.91.29.0;2023-10-14 05:18:32;GET;/libs/css/et-lineicons.css;200;
3.91.29.0;2023-10-14 05:18:32;GET;/libs/css/font-awesome.css;200;
3.91.29.0;2023-10-14 05:18:32;GET;/libs/css/magnific-popup.css;200;
3.91.29.0;2023-10-14 05:18:32;GET;/libs/css/owl.carousel.min.css;200;
3.91.29.0;2023-10-14 05:18:32;GET;/libs/css/owl.theme.default.min.css;200;
3.91.29.0;2023-10-14 05:18:32;GET;/libs/css/aos.css;200;
3.91.29.0;2023-10-14 05:18:32;GET;/libs/css/style.css;200;
3.91.29.0;2023-10-14 05:18:32;GET;/libs/css/wdcss.css;200;
3.91.29.0;2023-10-14 05:18:32;GET;/libs/bootstrap/css/style.css;200;
3.91.29.0;2023-10-14 05:18:32;GET;/libs/css/pinegram.min.css;200;
3.91.29.0;2023-10-14 05:18:32;GET;/libs/js/jquery-3.0.0.min.js;200;
3.91.29.0;2023-10-14 05:18:32;GET;/libs/js/jquery-migrate-3.0.0.min.js;200;
3.91.29.0;2023-10-14 05:18:32;GET;/libs/js/popper.min.js;200;
3.91.29.0;2023-10-14 05:18:32;GET;/libs/js/bootstrap.min.js;200;
3.91.29.0;2023-10-14 05:18:32;GET;/libs/js/scrollIt.min.js;200;
3.91.29.0;2023-10-14 05:18:32;GET;/libs/js/jquery.waypoints.min.js;200;
3.91.29.0;2023-10-14 05:18:32;GET;/libs/js/owl.carousel.min.js;200;
3.91.29.0;2023-10-14 05:18:32;GET;/libs/js/jquery.magnific-popup.min.js;200;
3.91.29.0;2023-10-14 05:18:32;GET;/libs/js/jquery.stellar.min.js;200;
3.91.29.0;2023-10-14 05:18:32;GET;/libs/js/isotope.pkgd.min.js;200;
3.91.29.0;2023-10-14 05:18:32;GET;/libs/js/validator.js;200;
3.91.29.0;2023-10-14 05:18:32;GET;/libs/js/particles.min.js;200;
3.91.29.0;2023-10-14 05:18:32;GET;/libs/js/autotype.js;200;
3.91.29.0;2023-10-14 05:18:32;GET;/libs/js/aos.js;200;
3.91.29.0;2023-10-14 05:18:32;GET;/libs/js/wscript.js;200;
3.91.29.0;2023-10-14 05:18:32;GET;/libs/js/scripts.js;200;
3.91.29.0;2023-10-14 05:18:32;GET;/libs/js/proj.js;200;
3.91.29.0;2023-10-14 05:18:32;GET;/libs/img/loader.gif;200;
3.91.29.0;2023-10-14 05:18:33;GET;/libs/img/iteams.png;200;
3.91.29.0;2023-10-14 05:18:33;GET;/libs/fonts/et-line.woff;200;
3.91.29.0;2023-10-14 05:18:33;GET;/libs/fonts/fontawesome-webfont-v%3d4.6.3.woff2;200;
205.210.31.147;2023-10-14 05:18:54;GET;/;200;
141.98.11.60;2023-10-14 05:20:30;GET;/;404;
64.227.142.93;2023-10-14 05:29:14;;;400;
64.227.142.93;2023-10-14 05:29:14;;;400;
64.227.142.93;2023-10-14 05:29:15;GET;/;404;
64.227.142.93;2023-10-14 05:29:15;GET;/form.html;404;
64.227.142.93;2023-10-14 05:29:16;GET;/upl.php;404;
64.227.142.93;2023-10-14 05:29:17;;;400;
64.227.142.93;2023-10-14 05:29:17;GET;/geoip/;404;
64.227.142.93;2023-10-14 05:29:18;GET;/;404;
64.227.142.93;2023-10-14 05:29:18;GET;/favicon.ico;404;
64.227.142.93;2023-10-14 05:29:19;GET;/1.php;404;
64.227.142.93;2023-10-14 05:29:20;GET;/bundle.js;404;
64.227.142.93;2023-10-14 05:29:20;GET;/files/;404;
64.227.142.93;2023-10-14 05:29:21;GET;/systembc/password.php;404;
64.227.142.93;2023-10-14 05:29:21;GET;/password.php;404;
64.227.142.93;2023-10-14 05:29:22;GET;/info.php;404;
65.49.20.68;2023-10-14 05:31:27;GET;/;404;
182.50.135.33;2023-10-14 05:32:19;GET;/wordpress/;301;
182.50.135.33;2023-10-14 05:32:22;GET;/wordpress/;301;
182.50.135.33;2023-10-14 05:32:22;GET;/wordpress;404;
202.43.45.167;2023-10-14 05:32:43;GET;/wp-login.php;301;
202.43.45.167;2023-10-14 05:32:45;GET;/wp-login.php;200;
65.49.20.68;2023-10-14 05:32:52;GET;/favicon.ico;404;
65.49.20.68;2023-10-14 05:33:19;GET;/geoserver/web/;404;
205.210.31.145;2023-10-14 05:33:33;GET;/;302;
178.128.110.234;2023-10-14 05:38:10;GET;/wp-login.php;301;
178.128.110.234;2023-10-14 05:38:12;GET;/wp-login.php;404;
45.79.172.21;2023-10-14 05:38:32;GET;/;302;
138.197.44.168;2023-10-14 05:38:48;GET;/;404;
138.197.44.168;2023-10-14 05:38:49;GET;/;302;
45.79.172.21;2023-10-14 05:41:10;GET;/;404;
193.35.18.187;2023-10-14 05:56:54;CONNECT;google.com:443;400;
66.249.64.174;2023-10-14 05:59:59;GET;/robots.txt;404;
66.249.64.174;2023-10-14 05:59:59;GET;/?u=Damia;200;
66.249.64.172;2023-10-14 06:00:01;GET;/libs/js/jquery.magnific-popup.min.js;200;
174.138.61.44;2023-10-14 06:01:12;GET;/;400;
174.138.61.44;2023-10-14 06:01:12;GET;/;302;
174.138.61.44;2023-10-14 06:01:13;GET;/api;200;
174.138.61.44;2023-10-14 06:01:13;;;400;
92.81.30.47;2023-10-14 06:02:08;GET;/wp-login.php;301;
205.210.31.80;2023-10-14 06:09:14;GET;/;200;
34.64.218.102;2023-10-14 06:09:25;GET;/wp-login.php;301;
34.64.218.102;2023-10-14 06:09:29;GET;/wp-login.php;404;
205.210.31.235;2023-10-14 06:09:59;GET;/;302;
205.210.31.235;2023-10-14 06:09:59;GET;/api;200;
198.235.24.55;2023-10-14 06:11:24;GET;/;302;
198.235.24.55;2023-10-14 06:11:24;GET;/;502;
198.235.24.55;2023-10-14 06:11:25;GET;/?u=_mta-sts;200;
173.214.166.170;2023-10-14 06:14:10;GET;/;404;
83.97.73.87;2023-10-14 06:23:42;GET;/actuator/gateway/routes;404;
198.235.24.48;2023-10-14 06:28:00;GET;/;301;
34.222.153.43;2023-10-14 06:36:34;HEAD;/;301;
34.222.153.43;2023-10-14 06:36:35;HEAD;/;502;
119.23.79.40;2023-10-14 06:38:44;GET;/wp-login.php;301;
119.23.79.40;2023-10-14 06:38:46;GET;/wp-login.php;404;
200.53.20.118;2023-10-14 06:39:06;GET;/;404;
52.167.144.233;2023-10-14 06:40:13;GET;/view/actualite.html;304;
205.210.31.137;2023-10-14 06:41:15;GET;/;302;
205.210.31.137;2023-10-14 06:41:16;GET;/?u=_bimi;200;
35.93.1.127;2023-10-14 06:49:06;GET;/;301;
35.93.1.127;2023-10-14 06:49:06;GET;/;502;
125.212.192.111;2023-10-14 06:51:19;GET;/wp-login.php;301;
125.212.192.111;2023-10-14 06:51:21;GET;/wp-login.php;404;
66.249.64.173;2023-10-14 06:53:20;GET;/?u=Bertilo;200;
185.225.73.177;2023-10-14 06:57:13;CONNECT;google.com:443;400;
172.104.11.51;2023-10-14 07:00:38;;;400;
103.47.185.185;2023-10-14 07:00:51;GET;/wp-login.php;301;
103.47.185.185;2023-10-14 07:00:54;GET;/?u=bot-hiu;200;
185.221.182.108;2023-10-14 07:09:04;GET;/wp-login.php;301;
185.221.182.108;2023-10-14 07:09:05;GET;/?u=wifizara-back;200;
205.210.31.43;2023-10-14 07:14:38;GET;/;502;
112.66.109.222;2023-10-14 07:14:52;GET;/;301;
124.66.74.196;2023-10-14 07:15:23;GET;/favicon.ico;301;
124.66.74.196;2023-10-14 07:15:25;GET;/?u=chatgpt;200;
124.66.74.196;2023-10-14 07:15:27;GET;/;302;
218.95.226.215;2023-10-14 07:16:23;GET;/favicon.ico;302;
218.95.226.215;2023-10-14 07:16:35;GET;/?u=chatgpt;200;
139.59.2.175;2023-10-14 07:17:07;GET;/wp-login.php;301;
139.59.2.175;2023-10-14 07:17:09;GET;/wp-login.php;502;
177.70.28.242;2023-10-14 07:22:24;GET;/wp-login.php;301;
177.70.28.242;2023-10-14 07:22:26;GET;/?u=hiu-front;200;
103.47.185.185;2023-10-14 07:24:40;GET;/wp-login.php;301;
103.47.185.185;2023-10-14 07:24:44;GET;/wp-login.php;404;
198.199.108.39;2023-10-14 07:29:40;GET;/manager/html;400;
74.50.80.82;2023-10-14 07:38:01;GET;/;404;
74.50.80.82;2023-10-14 07:38:01;GET;/;404;
74.50.80.82;2023-10-14 07:38:01;GET;/;404;
74.50.80.82;2023-10-14 07:38:01;GET;/;404;
74.50.80.82;2023-10-14 07:38:02;GET;/;404;
74.50.80.82;2023-10-14 07:38:02;GET;/;404;
74.50.80.82;2023-10-14 07:38:02;GET;/;404;
74.50.80.82;2023-10-14 07:38:02;GET;/;404;
74.50.80.82;2023-10-14 07:38:02;GET;/;404;
74.50.80.82;2023-10-14 07:38:02;GET;/;404;
74.50.80.82;2023-10-14 07:38:03;GET;/;404;
205.210.31.204;2023-10-14 07:40:17;GET;/;301;
38.242.140.200;2023-10-14 07:42:31;GET;/wp-login.php;301;
38.242.140.200;2023-10-14 07:42:32;GET;/?u=ep;200;
69.163.198.100;2023-10-14 07:44:55;GET;/wp-login.php;301;
69.163.198.100;2023-10-14 07:44:56;GET;/wp-login.php;502;
14.225.5.148;2023-10-14 07:45:04;GET;/wp-login.php;301;
14.225.5.148;2023-10-14 07:45:06;GET;/?u=gaetan;200;
34.64.218.102;2023-10-14 07:45:30;GET;/wp-login.php;301;
34.64.218.102;2023-10-14 07:45:32;GET;/?u=hackma;200;
141.148.159.69;2023-10-14 07:48:59;GET;/wp-login.php;301;
141.148.159.69;2023-10-14 07:49:00;GET;/wp-login.php;404;
131.153.143.50;2023-10-14 07:53:42;GET;/;301;
131.153.240.162;2023-10-14 07:53:43;GET;/;302;
131.153.143.50;2023-10-14 07:53:43;GET;/;200;
131.153.240.162;2023-10-14 07:53:49;GET;/api;200;
205.169.39.66;2023-10-14 07:57:17;GET;/;301;
205.169.39.66;2023-10-14 07:57:20;GET;/;302;
205.169.39.66;2023-10-14 07:57:20;GET;/api;200;
124.158.12.112;2023-10-14 07:59:57;GET;/wp-login.php;301;
124.158.12.112;2023-10-14 08:00:00;GET;/?u=sesame-backoffice;200;
198.235.24.231;2023-10-14 08:00:20;GET;/;302;
198.199.101.64;2023-10-14 08:01:48;GET;/autodiscover/autodiscover.json?@zdi/Powershell;404;
198.235.24.131;2023-10-14 08:01:50;GET;/;301;
198.235.24.131;2023-10-14 08:01:51;GET;/?u=webcup.hodi.dream;200;
46.101.1.152;2023-10-14 08:08:12;GET;/;301;
46.101.1.152;2023-10-14 08:08:13;GET;/;302;
136.244.84.156;2023-10-14 08:13:50;GET;/auth/login.html;404;
186.234.80.23;2023-10-14 08:15:54;GET;/wp-login.php;301;
186.234.80.23;2023-10-14 08:15:55;GET;/wp-login.php;404;
52.88.58.38;2023-10-14 08:17:47;HEAD;/;301;
52.88.58.38;2023-10-14 08:17:48;HEAD;/;405;
54.201.224.3;2023-10-14 08:17:49;GET;/;301;
54.201.224.3;2023-10-14 08:17:50;GET;/;200;
51.15.81.238;2023-10-14 08:19:56;GET;/wp-login.php;301;
51.15.81.238;2023-10-14 08:19:57;GET;/wp-login.php;502;
198.235.24.98;2023-10-14 08:23:27;GET;/;302;
205.210.31.29;2023-10-14 08:24:40;GET;/;302;
205.210.31.29;2023-10-14 08:24:41;GET;/?u=api-sesame;200;
165.227.174.100;2023-10-14 08:29:47;GET;/auth/login.html;404;
3.137.203.71;2023-10-14 08:31:32;GET;/;502;
157.230.219.118;2023-10-14 08:32:09;GET;/wp-login.php;301;
157.230.219.118;2023-10-14 08:32:09;GET;/wp-login.php;404;
198.235.24.33;2023-10-14 08:32:30;GET;/;502;
192.241.195.40;2023-10-14 08:33:15;GET;/owa/auth/x.js;404;
95.111.196.86;2023-10-14 08:35:02;GET;/wp-login.php;301;
95.111.196.86;2023-10-14 08:35:04;GET;/?u=hiu-api;200;
107.170.247.40;2023-10-14 08:37:06;GET;/;302;
3.137.203.71;2023-10-14 08:41:26;GET;/;502;
205.210.31.173;2023-10-14 08:42:52;GET;/;301;
205.210.31.173;2023-10-14 08:42:53;GET;/;200;
3.137.203.71;2023-10-14 08:46:44;GET;/;302;
69.171.249.4;2023-10-14 08:49:49;GET;/?u=gaetan;200;
69.171.249.4;2023-10-14 08:49:49;GET;/?u=gaetan;200;
69.171.249.1;2023-10-14 08:49:50;GET;/libs/js/scripts.js;200;
69.171.249.5;2023-10-14 08:49:49;GET;/libs/js/jquery.magnific-popup.min.js;200;
69.171.249.113;2023-10-14 08:49:50;GET;/libs/js/scrollIt.min.js;200;
69.171.249.6;2023-10-14 08:49:50;GET;/libs/js/proj.js;200;
69.171.249.9;2023-10-14 08:49:49;GET;/libs/js/particles.min.js;200;
69.171.249.1;2023-10-14 08:49:50;GET;/libs/js/jquery.stellar.min.js;200;
69.171.249.6;2023-10-14 08:49:49;GET;/libs/js/jquery-migrate-3.0.0.min.js;200;
69.171.249.10;2023-10-14 08:49:50;GET;/libs/js/aos.js;200;
69.171.249.11;2023-10-14 08:49:50;GET;/libs/js/jquery-3.0.0.min.js;200;
69.171.249.6;2023-10-14 08:49:50;GET;/libs/js/autotype.js;200;
69.171.249.118;2023-10-14 08:49:50;GET;/libs/js/isotope.pkgd.min.js;200;
69.171.249.120;2023-10-14 08:49:50;GET;/libs/js/jquery.waypoints.min.js;200;
69.171.249.6;2023-10-14 08:49:50;GET;/libs/js/wscript.js;200;
69.171.249.118;2023-10-14 08:49:50;GET;/libs/js/popper.min.js;200;
69.171.249.7;2023-10-14 08:49:50;GET;/libs/js/owl.carousel.min.js;200;
69.171.249.3;2023-10-14 08:49:50;GET;/libs/js/bootstrap.min.js;200;
69.171.249.5;2023-10-14 08:49:50;GET;/libs/js/validator.js;200;
69.171.249.3;2023-10-14 08:49:50;GET;/;200;
69.171.249.2;2023-10-14 08:49:51;GET;/assets/vendor/isotope-layout/isotope.pkgd.min.js;200;
69.171.249.116;2023-10-14 08:49:51;GET;/assets/js/main.js;200;
69.171.249.117;2023-10-14 08:49:51;GET;/assets/vendor/jquery.easing/jquery.easing.min.js;200;
69.171.249.1;2023-10-14 08:49:51;GET;/assets/vendor/jquery/jquery.min.js;200;
69.171.249.5;2023-10-14 08:49:51;GET;/assets/vendor/bootstrap/js/bootstrap.bundle.min.js;200;
69.171.249.1;2023-10-14 08:49:51;GET;/assets/vendor/owl.carousel/owl.carousel.min.js;200;
69.171.249.8;2023-10-14 08:49:51;GET;/assets/vendor/aos/aos.js;200;
69.171.249.9;2023-10-14 08:49:51;GET;/assets/vendor/counterup/counterup.min.js;200;
69.171.249.2;2023-10-14 08:49:51;GET;/assets/vendor/venobox/venobox.min.js;200;
35.215.124.168;2023-10-14 08:50:20;GET;/;301;
35.215.124.168;2023-10-14 08:50:21;GET;/;200;
35.215.124.168;2023-10-14 08:50:21;GET;/robots.txt;301;
35.215.124.168;2023-10-14 08:50:22;GET;/robots.txt;200;
35.215.124.168;2023-10-14 08:50:22;;;400;
66.249.64.13;2023-10-14 08:53:19;GET;/robots.txt;301;
66.249.64.10;2023-10-14 08:53:20;GET;/robots.txt;404;
66.249.64.13;2023-10-14 08:53:20;GET;/;301;
66.249.64.11;2023-10-14 08:53:21;GET;/;200;
205.210.31.215;2023-10-14 08:58:05;GET;/;302;
205.210.31.215;2023-10-14 08:58:05;GET;/;302;
205.210.31.87;2023-10-14 09:00:01;GET;/;301;
205.210.31.107;2023-10-14 09:01:33;GET;/;301;
102.157.223.119;2023-10-14 09:04:30;GET;/;404;
102.157.223.119;2023-10-14 09:04:31;GET;/_profiler/empty/search/results;404;
3.137.203.71;2023-10-14 09:06:58;GET;/;200;
3.137.203.71;2023-10-14 09:07:13;GET;/assets/js/thunderbolt-commons.d679753d.bundle.min.js;200;
3.137.203.71;2023-10-14 09:07:13;GET;/assets/js/main.a663c0af.bundle.min.js;200;
3.137.203.71;2023-10-14 09:07:13;GET;/assets/js/rb_wixui.thunderbolt_bootstrap-classic.261093b7.chunk.min.js;200;
3.137.203.71;2023-10-14 09:07:13;GET;/assets/js/rb_wixui.thunderbolt_bootstrap.818c728b.chunk.min.js;200;
3.137.203.71;2023-10-14 09:07:13;GET;//maxcdn.bootstrapcdn.com/bootstrap/3.4.1/js/bootstrap.min.js;404;
3.137.203.71;2023-10-14 09:07:13;GET;/assets/js/react-dom.production.min.js;200;
3.137.203.71;2023-10-14 09:07:13;GET;/assets/js/rb_wixui.thunderbolt_common-site-members-dialogs.57056ec6.chunk.min.js;200;
3.137.203.71;2023-10-14 09:07:13;GET;/assets/js/AsyncEventHandler.chunk.min.js;200;
3.137.203.71;2023-10-14 09:07:13;GET;//ajax.googleapis.com/ajax/libs/jquery/3.6.0/jquery.min.js;404;
3.137.203.71;2023-10-14 09:07:13;GET;/assets/js/siteTags.bundle.min.js;200;
3.137.203.71;2023-10-14 09:07:13;GET;/assets/js/requirejs.min.js;200;
3.137.203.71;2023-10-14 09:07:13;GET;/assets/js/ProGalleryInfoElement.chunk.min.js;200;
3.137.203.71;2023-10-14 09:07:14;GET;/assets/js/react.production.min.js;200;
3.137.203.71;2023-10-14 09:07:13;GET;/assets/js/viewer.bundle.min.js;200;
3.137.203.71;2023-10-14 09:07:14;GET;/assets/js/rb_wixui.thunderbolt_bootstrap-responsive.8d545894.chunk.min.js;200;
3.137.203.71;2023-10-14 09:07:35;GET;//ajax.googleapis.com/ajax/libs/jquery/3.6.0/jquery.min.js;404;
3.137.203.71;2023-10-14 09:07:35;GET;/assets/js/siteTags.bundle.min.js;200;
3.137.203.71;2023-10-14 09:07:35;GET;//maxcdn.bootstrapcdn.com/bootstrap/3.4.1/js/bootstrap.min.js;404;
3.137.203.71;2023-10-14 09:07:35;GET;/assets/js/rb_wixui.thunderbolt_bootstrap.818c728b.chunk.min.js;200;
3.137.203.71;2023-10-14 09:07:35;GET;/assets/js/thunderbolt-commons.d679753d.bundle.min.js;200;
3.137.203.71;2023-10-14 09:07:35;GET;/assets/js/react-dom.production.min.js;200;
3.137.203.71;2023-10-14 09:07:35;GET;/assets/js/requirejs.min.js;200;
3.137.203.71;2023-10-14 09:07:35;GET;/assets/js/rb_wixui.thunderbolt_bootstrap-responsive.8d545894.chunk.min.js;200;
3.137.203.71;2023-10-14 09:07:35;GET;/assets/js/react.production.min.js;200;
3.137.203.71;2023-10-14 09:07:35;GET;/assets/js/ProGalleryInfoElement.chunk.min.js;200;
3.137.203.71;2023-10-14 09:07:35;GET;/assets/js/main.a663c0af.bundle.min.js;200;
3.137.203.71;2023-10-14 09:07:36;GET;/assets/js/AsyncEventHandler.chunk.min.js;200;
3.137.203.71;2023-10-14 09:07:36;GET;/assets/js/viewer.bundle.min.js;200;
3.137.203.71;2023-10-14 09:07:36;GET;/assets/js/rb_wixui.thunderbolt_bootstrap-classic.261093b7.chunk.min.js;200;
3.137.203.71;2023-10-14 09:07:36;GET;/assets/js/rb_wixui.thunderbolt_common-site-members-dialogs.57056ec6.chunk.min.js;200;
103.184.113.82;2023-10-14 09:07:41;GET;/wp-login.php;301;
103.184.113.82;2023-10-14 09:07:43;GET;/?u=mail;200;
3.137.203.71;2023-10-14 09:08:00;GET;/assets/js/react.production.min.js;200;
3.137.203.71;2023-10-14 09:08:00;GET;//maxcdn.bootstrapcdn.com/bootstrap/3.4.1/js/bootstrap.min.js;404;
3.137.203.71;2023-10-14 09:08:00;GET;/assets/js/requirejs.min.js;200;
3.137.203.71;2023-10-14 09:08:00;GET;/assets/js/siteTags.bundle.min.js;200;
3.137.203.71;2023-10-14 09:08:00;GET;/assets/js/rb_wixui.thunderbolt_bootstrap-responsive.8d545894.chunk.min.js;200;
3.137.203.71;2023-10-14 09:08:00;GET;/assets/js/react-dom.production.min.js;200;
3.137.203.71;2023-10-14 09:08:00;GET;/assets/js/rb_wixui.thunderbolt_bootstrap.818c728b.chunk.min.js;200;
3.137.203.71;2023-10-14 09:08:00;GET;/assets/js/rb_wixui.thunderbolt_bootstrap-classic.261093b7.chunk.min.js;200;
3.137.203.71;2023-10-14 09:08:00;GET;//ajax.googleapis.com/ajax/libs/jquery/3.6.0/jquery.min.js;404;
3.137.203.71;2023-10-14 09:08:00;GET;/assets/js/thunderbolt-commons.d679753d.bundle.min.js;200;
3.137.203.71;2023-10-14 09:08:00;GET;/assets/js/main.a663c0af.bundle.min.js;200;
3.137.203.71;2023-10-14 09:08:00;GET;/assets/js/ProGalleryInfoElement.chunk.min.js;200;
3.137.203.71;2023-10-14 09:08:00;GET;/assets/js/AsyncEventHandler.chunk.min.js;200;
3.137.203.71;2023-10-14 09:08:00;GET;/assets/js/rb_wixui.thunderbolt_common-site-members-dialogs.57056ec6.chunk.min.js;200;
3.137.203.71;2023-10-14 09:08:00;GET;/assets/js/viewer.bundle.min.js;200;
3.137.203.71;2023-10-14 09:08:24;GET;/assets/js/main.a663c0af.bundle.min.js;200;
3.137.203.71;2023-10-14 09:08:24;GET;//maxcdn.bootstrapcdn.com/bootstrap/3.4.1/js/bootstrap.min.js;404;
3.137.203.71;2023-10-14 09:08:24;GET;/assets/js/ProGalleryInfoElement.chunk.min.js;200;
3.137.203.71;2023-10-14 09:08:24;GET;/assets/js/rb_wixui.thunderbolt_bootstrap-responsive.8d545894.chunk.min.js;200;
3.137.203.71;2023-10-14 09:08:24;GET;/assets/js/rb_wixui.thunderbolt_bootstrap.818c728b.chunk.min.js;200;
3.137.203.71;2023-10-14 09:08:24;GET;/assets/js/thunderbolt-commons.d679753d.bundle.min.js;200;
3.137.203.71;2023-10-14 09:08:24;GET;/assets/js/siteTags.bundle.min.js;200;
3.137.203.71;2023-10-14 09:08:24;GET;/assets/js/react.production.min.js;200;
3.137.203.71;2023-10-14 09:08:24;GET;/assets/js/requirejs.min.js;200;
3.137.203.71;2023-10-14 09:08:24;GET;/assets/js/rb_wixui.thunderbolt_common-site-members-dialogs.57056ec6.chunk.min.js;200;
3.137.203.71;2023-10-14 09:08:24;GET;/assets/js/AsyncEventHandler.chunk.min.js;200;
3.137.203.71;2023-10-14 09:08:24;GET;/assets/js/rb_wixui.thunderbolt_bootstrap-classic.261093b7.chunk.min.js;200;
3.137.203.71;2023-10-14 09:08:24;GET;/assets/js/viewer.bundle.min.js;200;
3.137.203.71;2023-10-14 09:08:24;GET;/assets/js/react-dom.production.min.js;200;
3.137.203.71;2023-10-14 09:08:25;GET;//ajax.googleapis.com/ajax/libs/jquery/3.6.0/jquery.min.js;404;
3.137.203.71;2023-10-14 09:08:49;GET;/assets/js/react.production.min.js;200;
3.137.203.71;2023-10-14 09:08:49;GET;/assets/js/rb_wixui.thunderbolt_common-site-members-dialogs.57056ec6.chunk.min.js;200;
3.137.203.71;2023-10-14 09:08:49;GET;/assets/js/siteTags.bundle.min.js;200;
3.137.203.71;2023-10-14 09:08:49;GET;/assets/js/AsyncEventHandler.chunk.min.js;200;
3.137.203.71;2023-10-14 09:08:49;GET;/assets/js/main.a663c0af.bundle.min.js;200;
3.137.203.71;2023-10-14 09:08:49;GET;/assets/js/rb_wixui.thunderbolt_bootstrap-responsive.8d545894.chunk.min.js;200;
3.137.203.71;2023-10-14 09:08:49;GET;/assets/js/rb_wixui.thunderbolt_bootstrap-classic.261093b7.chunk.min.js;200;
3.137.203.71;2023-10-14 09:08:49;GET;//maxcdn.bootstrapcdn.com/bootstrap/3.4.1/js/bootstrap.min.js;404;
3.137.203.71;2023-10-14 09:08:49;GET;/assets/js/react-dom.production.min.js;200;
3.137.203.71;2023-10-14 09:08:49;GET;/assets/js/ProGalleryInfoElement.chunk.min.js;200;
3.137.203.71;2023-10-14 09:08:49;GET;/assets/js/rb_wixui.thunderbolt_bootstrap.818c728b.chunk.min.js;200;
3.137.203.71;2023-10-14 09:08:50;GET;/assets/js/thunderbolt-commons.d679753d.bundle.min.js;200;
3.137.203.71;2023-10-14 09:08:50;GET;//ajax.googleapis.com/ajax/libs/jquery/3.6.0/jquery.min.js;404;
185.221.182.108;2023-10-14 09:08:50;GET;/wp-login.php;301;
3.137.203.71;2023-10-14 09:08:50;GET;/assets/js/viewer.bundle.min.js;200;
3.137.203.71;2023-10-14 09:08:51;GET;/assets/js/requirejs.min.js;200;
185.221.182.108;2023-10-14 09:08:52;GET;/wp-login.php;404;
3.137.203.71;2023-10-14 09:11:44;GET;/;502;
198.235.24.175;2023-10-14 09:15:59;GET;/;301;
198.235.24.175;2023-10-14 09:16:00;GET;/;502;
173.252.79.119;2023-10-14 09:21:39;GET;/;301;
173.252.79.119;2023-10-14 09:21:40;GET;/?u=landry;200;
198.235.24.124;2023-10-14 09:22:21;GET;/;301;
34.221.11.207;2023-10-14 09:24:42;HEAD;/;301;
34.221.11.207;2023-10-14 09:24:42;HEAD;/;502;
45.155.126.211;2023-10-14 09:26:29;GET;/;404;
54.218.113.40;2023-10-14 09:28:27;HEAD;/;404;
177.53.141.29;2023-10-14 09:28:46;GET;/wp-login.php;301;
177.53.141.29;2023-10-14 09:28:47;GET;/?u=hui-admin;200;
185.165.118.34;2023-10-14 09:29:40;GET;/wp-login.php;301;
185.165.118.34;2023-10-14 09:29:41;GET;/?u=webcup;200;
149.56.101.200;2023-10-14 09:29:56;GET;/wp-login.php;301;
149.56.101.200;2023-10-14 09:29:57;GET;/wp-login.php;404;
64.227.152.190;2023-10-14 09:30:26;GET;/;301;
64.227.152.190;2023-10-14 09:30:27;GET;/;502;
51.210.144.205;2023-10-14 09:33:04;GET;/robots.txt;404;
141.98.11.60;2023-10-14 09:33:48;GET;/;404;
47.90.254.226;2023-10-14 09:33:49;GET;/dns-query?dns=DjsBAAABAAAAAAAABmdvb2dsZQNjb20AAAEAAQ;404;
198.235.24.161;2023-10-14 09:38:45;GET;/;301;
65.49.20.68;2023-10-14 09:41:17;GET;/;302;
36.111.67.189;2023-10-14 09:42:59;GET;/;404;
139.162.10.123;2023-10-14 09:43:58;GET;/wp-login.php;301;
139.162.10.123;2023-10-14 09:44:00;GET;/wp-login.php;404;
139.162.10.123;2023-10-14 09:44:00;GET;/.env;301;
139.162.10.123;2023-10-14 09:44:01;GET;/.env;404;
198.235.24.52;2023-10-14 09:44:17;GET;/;302;
198.235.24.52;2023-10-14 09:44:17;GET;/;502;
198.235.24.52;2023-10-14 09:44:19;GET;/?u=hiu-admin;200;
205.210.31.5;2023-10-14 09:46:17;GET;/;404;
198.235.24.3;2023-10-14 09:47:26;GET;/;302;
52.88.58.38;2023-10-14 09:47:33;HEAD;/;404;
52.24.172.2;2023-10-14 09:47:35;GET;/;404;
52.24.172.2;2023-10-14 09:47:35;GET;/;302;
52.24.172.2;2023-10-14 09:47:35;GET;/api;200;
65.49.20.68;2023-10-14 09:47:57;GET;/favicon.ico;200;
65.49.20.68;2023-10-14 09:49:38;GET;/;302;
65.49.20.68;2023-10-14 09:50:25;GET;/;302;
65.49.20.68;2023-10-14 09:50:25;GET;/api;200;
65.49.20.68;2023-10-14 09:51:44;GET;/vpn/index.html;404;
65.49.20.68;2023-10-14 09:52:32;GET;/geoserver/web/;404;
65.49.20.68;2023-10-14 09:53:02;GET;/.git/config;404;
66.249.64.13;2023-10-14 09:53:19;GET;/;301;
66.249.64.9;2023-10-14 09:53:21;GET;/;200;
205.210.31.225;2023-10-14 09:55:17;GET;/;302;
205.210.31.225;2023-10-14 09:55:17;GET;/;502;
47.90.254.226;2023-10-14 09:56:08;POST;/dns-query;404;
185.211.6.171;2023-10-14 09:57:35;GET;/wp-login.php;301;
185.211.6.171;2023-10-14 09:57:36;GET;/?u=tovozy-api;200;
51.210.147.243;2023-10-14 09:59:39;GET;/robots.txt;404;
182.44.10.67;2023-10-14 10:03:43;GET;/;404;
162.216.149.66;2023-10-14 10:06:58;GET;/;302;
162.216.149.66;2023-10-14 10:06:58;GET;/api;200;
205.210.31.158;2023-10-14 10:08:40;GET;/;301;
205.210.31.158;2023-10-14 10:08:41;GET;/;200;
38.242.140.200;2023-10-14 10:10:23;GET;/wp-login.php;301;
38.242.140.200;2023-10-14 10:10:24;GET;/wp-login.php;200;
87.236.176.219;2023-10-14 10:12:27;GET;/;302;
87.236.176.219;2023-10-14 10:12:28;GET;/api;200;
125.164.20.71;2023-10-14 10:15:37;GET;/wp-login.php;301;
125.164.21.160;2023-10-14 10:15:44;GET;/wp-login.php;404;
51.210.147.144;2023-10-14 10:17:24;GET;/robots.txt;404;
205.210.31.131;2023-10-14 10:17:39;GET;/;301;
205.210.31.131;2023-10-14 10:17:40;GET;/?u=hiu-front;200;
17.241.227.58;2023-10-14 10:19:21;GET;/robots.txt;404;
17.241.227.58;2023-10-14 10:19:21;GET;/?u=arleme;200;
34.211.74.34;2023-10-14 10:20:08;GET;/;502;
17.22.237.172;2023-10-14 10:21:15;GET;/libs/css/bootstrap.min.css;200;
17.22.237.238;2023-10-14 10:21:16;GET;/libs/css/owl.carousel.min.css;200;
17.22.237.50;2023-10-14 10:21:16;GET;/libs/css/font-awesome.css;200;
17.22.237.169;2023-10-14 10:21:17;GET;/libs/css/owl.theme.default.min.css;200;
17.22.253.178;2023-10-14 10:21:17;GET;/libs/css/et-lineicons.css;200;
17.22.237.116;2023-10-14 10:21:18;GET;/libs/css/magnific-popup.css;200;
17.22.237.172;2023-10-14 10:21:18;GET;/libs/css/aos.css;200;
17.22.237.238;2023-10-14 10:21:18;GET;/libs/css/style.css;200;
17.22.237.50;2023-10-14 10:21:19;GET;/libs/css/wdcss.css;200;
17.22.237.169;2023-10-14 10:21:19;GET;/libs/css/dark.css;200;
17.22.253.178;2023-10-14 10:21:20;GET;/libs/bootstrap/css/style.css;200;
17.22.237.116;2023-10-14 10:21:20;GET;/libs/css/pinegram.min.css;200;
17.22.237.172;2023-10-14 10:21:21;GET;/libs/js/jquery-3.0.0.min.js;200;
17.22.237.238;2023-10-14 10:21:21;GET;/libs/js/jquery-migrate-3.0.0.min.js;200;
17.22.237.50;2023-10-14 10:21:22;GET;/libs/js/popper.min.js;200;
17.22.237.169;2023-10-14 10:21:22;GET;/libs/js/bootstrap.min.js;200;
17.22.253.178;2023-10-14 10:21:23;GET;/libs/js/scrollIt.min.js;200;
17.22.237.116;2023-10-14 10:21:23;GET;/libs/js/jquery.waypoints.min.js;200;
17.22.237.172;2023-10-14 10:21:24;GET;/libs/js/owl.carousel.min.js;200;
17.22.237.238;2023-10-14 10:21:24;GET;/libs/js/jquery.magnific-popup.min.js;200;
17.22.237.50;2023-10-14 10:21:25;GET;/libs/js/jquery.stellar.min.js;200;
17.22.237.169;2023-10-14 10:21:25;GET;/libs/js/isotope.pkgd.min.js;200;
17.22.253.178;2023-10-14 10:21:26;GET;/libs/js/validator.js;200;
17.22.237.116;2023-10-14 10:21:26;GET;/libs/js/particles.min.js;200;
17.22.237.172;2023-10-14 10:21:27;GET;/libs/js/autotype.js;200;
17.22.237.238;2023-10-14 10:21:27;GET;/libs/js/aos.js;200;
17.22.237.50;2023-10-14 10:21:28;GET;/libs/js/wscript.js;200;
17.22.237.169;2023-10-14 10:21:28;GET;/libs/js/scripts.js;200;
17.22.253.178;2023-10-14 10:21:29;GET;/libs/js/proj.js;200;
51.222.253.1;2023-10-14 10:21:59;GET;/robots.txt;404;
51.222.253.4;2023-10-14 10:22:01;GET;/;200;
205.210.31.49;2023-10-14 10:30:46;GET;/;502;
136.243.220.211;2023-10-14 10:34:22;GET;/;301;
136.243.220.211;2023-10-14 10:34:23;GET;/;200;
205.210.31.57;2023-10-14 10:42:32;GET;/;301;
66.249.64.10;2023-10-14 10:45:02;GET;/robots.txt;404;
66.249.64.10;2023-10-14 10:45:02;GET;/assets/img/web.jpg;200;
185.81.157.202;2023-10-14 10:47:47;GET;/;301;
185.81.157.202;2023-10-14 10:47:47;;;400;
185.81.157.202;2023-10-14 10:47:47;GET;/;200;
185.81.157.202;2023-10-14 10:47:47;GET;//wp-includes/wlwmanifest.xml;404;
185.81.157.202;2023-10-14 10:47:48;GET;//xmlrpc.php?rsd;404;
185.81.157.202;2023-10-14 10:47:48;GET;/;200;
185.81.157.202;2023-10-14 10:47:48;GET;//blog/wp-includes/wlwmanifest.xml;404;
185.81.157.202;2023-10-14 10:47:48;GET;//web/wp-includes/wlwmanifest.xml;404;
185.81.157.202;2023-10-14 10:47:48;GET;//wordpress/wp-includes/wlwmanifest.xml;404;
185.81.157.202;2023-10-14 10:47:48;GET;//website/wp-includes/wlwmanifest.xml;404;
185.81.157.202;2023-10-14 10:47:48;GET;//wp/wp-includes/wlwmanifest.xml;404;
185.81.157.202;2023-10-14 10:47:48;GET;//news/wp-includes/wlwmanifest.xml;404;
185.81.157.202;2023-10-14 10:47:48;GET;//2020/wp-includes/wlwmanifest.xml;404;
185.81.157.202;2023-10-14 10:47:48;GET;//2019/wp-includes/wlwmanifest.xml;404;
185.81.157.202;2023-10-14 10:47:49;GET;//shop/wp-includes/wlwmanifest.xml;404;
185.81.157.202;2023-10-14 10:47:49;GET;//wp1/wp-includes/wlwmanifest.xml;404;
185.81.157.202;2023-10-14 10:47:49;GET;//test/wp-includes/wlwmanifest.xml;404;
185.81.157.202;2023-10-14 10:47:49;GET;//wp2/wp-includes/wlwmanifest.xml;404;
185.81.157.202;2023-10-14 10:47:49;GET;//site/wp-includes/wlwmanifest.xml;404;
185.81.157.202;2023-10-14 10:47:49;GET;//cms/wp-includes/wlwmanifest.xml;404;
185.81.157.202;2023-10-14 10:47:49;GET;//sito/wp-includes/wlwmanifest.xml;404;
185.81.157.202;2023-10-14 10:47:49;;;400;
3.137.203.71;2023-10-14 10:51:40;GET;/;404;
109.237.98.226;2023-10-14 10:51:55;GET;/.env;404;
109.237.98.226;2023-10-14 10:51:56;;;;
94.102.61.75;2023-10-14 10:57:33;GET;/;302;
94.102.61.75;2023-10-14 10:57:34;GET;/api;200;
198.235.24.237;2023-10-14 10:58:39;GET;/;301;
198.235.24.237;2023-10-14 10:58:39;GET;/;301;
162.19.101.80;2023-10-14 11:02:45;GET;/utop;404;
205.210.31.253;2023-10-14 11:04:30;GET;/;404;
198.235.24.13;2023-10-14 11:12:35;GET;/;301;
198.235.24.13;2023-10-14 11:12:36;GET;/;302;
198.235.24.13;2023-10-14 11:12:37;GET;/api;200;
182.138.158.206;2023-10-14 11:16:05;GET;/;301;
182.138.158.206;2023-10-14 11:16:07;GET;/?u=chatgpt;200;
111.224.6.68;2023-10-14 11:16:15;GET;/favicon.ico;301;
111.224.6.68;2023-10-14 11:16:17;GET;/?u=chatgpt;200;
111.224.6.68;2023-10-14 11:16:20;GET;/;302;
111.224.6.68;2023-10-14 11:16:33;GET;/favicon.ico;302;
124.235.138.155;2023-10-14 11:16:34;GET;/?u=chatgpt;200;
205.210.31.59;2023-10-14 11:20:01;GET;/;301;
198.199.117.77;2023-10-14 11:21:00;GET;/manager/text/list;400;
205.210.31.193;2023-10-14 11:26:45;GET;/;301;
205.210.31.164;2023-10-14 11:28:12;GET;/;301;
205.210.31.164;2023-10-14 11:28:13;GET;/?u=hodi.dream;200;
198.235.24.29;2023-10-14 11:32:50;GET;/;301;
198.235.24.29;2023-10-14 11:32:51;GET;/?u=hiu-api;200;
198.235.24.60;2023-10-14 11:46:48;GET;/;302;
198.235.24.60;2023-10-14 11:46:49;GET;/?u=dama;200;
52.88.58.38;2023-10-14 11:53:58;HEAD;/;301;
52.88.58.38;2023-10-14 11:53:59;HEAD;/;200;
54.244.215.244;2023-10-14 11:54:01;GET;/;301;
54.244.215.244;2023-10-14 11:54:02;GET;/;200;
205.210.31.57;2023-10-14 12:00:58;GET;/;301;
15.235.9.75;2023-10-14 12:01:27;GET;/contactus;200;
113.219.218.197;2023-10-14 12:04:06;GET;/;404;
54.224.29.14;2023-10-14 12:09:11;GET;/;301;
54.224.29.14;2023-10-14 12:09:12;GET;/;200;
198.235.24.51;2023-10-14 12:11:11;GET;/;404;
138.197.82.19;2023-10-14 12:14:23;GET;/;301;
138.197.82.19;2023-10-14 12:14:24;GET;/;200;
162.19.101.80;2023-10-14 12:15:28;GET;/utop;404;
138.246.253.24;2023-10-14 12:15:45;GET;/robots.txt;200;
121.229.185.160;2023-10-14 12:22:23;GET;/;404;
34.210.182.93;2023-10-14 12:26:17;GET;/;301;
94.228.169.182;2023-10-14 12:26:37;POST;/;301;
94.228.169.182;2023-10-14 12:26:37;GET;/;404;
94.228.169.182;2023-10-14 12:26:38;POST;/;404;
94.228.169.182;2023-10-14 12:26:38;GET;/.env;301;
94.228.169.182;2023-10-14 12:26:38;GET;/.env;404;
94.228.169.182;2023-10-14 12:26:39;GET;/.env;404;
94.228.169.182;2023-10-14 12:26:39;GET;/data.iteam-s.mg/.env;301;
94.228.169.182;2023-10-14 12:26:39;GET;/data.iteam-s.mg/.env;404;
94.228.169.182;2023-10-14 12:26:40;GET;/data.iteam-s.mg/.env;404;
94.228.169.182;2023-10-14 12:26:40;GET;/vendor/.env;301;
94.228.169.182;2023-10-14 12:26:41;GET;/vendor/.env;404;
94.228.169.182;2023-10-14 12:26:41;GET;/vendor/.env;404;
94.228.169.182;2023-10-14 12:26:42;GET;/data.iteam-s.mg/.env;301;
94.228.169.182;2023-10-14 12:26:42;GET;/data.iteam-s.mg/.env;404;
94.228.169.182;2023-10-14 12:26:43;GET;/data.iteam-s.mg/.env;404;
94.228.169.182;2023-10-14 12:26:43;GET;/admin/.env;301;
94.228.169.182;2023-10-14 12:26:43;GET;/admin/.env;404;
94.228.169.182;2023-10-14 12:26:44;GET;/admin/.env;404;
94.228.169.182;2023-10-14 12:26:44;GET;/data.iteam-s.mg/.env;301;
94.228.169.182;2023-10-14 12:26:45;GET;/data.iteam-s.mg/.env;404;
94.228.169.182;2023-10-14 12:26:45;GET;/data.iteam-s.mg/.env;404;
94.228.169.182;2023-10-14 12:26:46;GET;/blog/.env;301;
94.228.169.182;2023-10-14 12:26:46;GET;/blog/.env;404;
94.228.169.182;2023-10-14 12:26:47;GET;/blog/.env;404;
94.228.169.182;2023-10-14 12:26:47;GET;/data.iteam-s.mg/.env;301;
94.228.169.182;2023-10-14 12:26:48;GET;/data.iteam-s.mg/.env;404;
94.228.169.182;2023-10-14 12:26:48;GET;/data.iteam-s.mg/.env;404;
94.228.169.182;2023-10-14 12:26:49;GET;/laravel/.env;301;
94.228.169.182;2023-10-14 12:26:49;GET;/laravel/.env;404;
94.228.169.182;2023-10-14 12:26:50;GET;/laravel/.env;404;
94.228.169.182;2023-10-14 12:26:50;GET;/data.iteam-s.mg/.env;301;
94.228.169.182;2023-10-14 12:26:50;GET;/data.iteam-s.mg/.env;404;
94.228.169.182;2023-10-14 12:26:51;GET;/data.iteam-s.mg/.env;404;
94.228.169.182;2023-10-14 12:26:51;GET;/dev/.env;301;
94.228.169.182;2023-10-14 12:26:52;GET;/dev/.env;404;
94.228.169.182;2023-10-14 12:26:52;GET;/dev/.env;404;
94.228.169.182;2023-10-14 12:26:53;GET;/data.iteam-s.mg/.env;301;
94.228.169.182;2023-10-14 12:26:53;GET;/data.iteam-s.mg/.env;404;
94.228.169.182;2023-10-14 12:26:54;GET;/data.iteam-s.mg/.env;404;
94.228.169.182;2023-10-14 12:26:54;GET;/test/.env;301;
94.228.169.182;2023-10-14 12:26:54;GET;/test/.env;404;
94.228.169.182;2023-10-14 12:26:55;GET;/test/.env;404;
94.228.169.182;2023-10-14 12:26:55;GET;/data.iteam-s.mg/.env;301;
94.228.169.182;2023-10-14 12:26:56;GET;/data.iteam-s.mg/.env;404;
94.228.169.182;2023-10-14 12:26:56;GET;/data.iteam-s.mg/.env;404;
94.228.169.182;2023-10-14 12:26:57;GET;/portal/.env;301;
94.228.169.182;2023-10-14 12:26:57;GET;/portal/.env;404;
94.228.169.182;2023-10-14 12:26:58;GET;/portal/.env;404;
94.228.169.182;2023-10-14 12:26:58;GET;/data.iteam-s.mg/.env;301;
94.228.169.182;2023-10-14 12:26:58;GET;/data.iteam-s.mg/.env;404;
94.228.169.182;2023-10-14 12:26:59;GET;/data.iteam-s.mg/.env;404;
94.228.169.182;2023-10-14 12:26:59;GET;/project/.env;301;
94.228.169.182;2023-10-14 12:27:00;GET;/project/.env;404;
94.228.169.182;2023-10-14 12:27:00;GET;/project/.env;404;
94.228.169.182;2023-10-14 12:27:01;GET;/data.iteam-s.mg/.env;301;
94.228.169.182;2023-10-14 12:27:01;GET;/data.iteam-s.mg/.env;404;
94.228.169.182;2023-10-14 12:27:01;GET;/data.iteam-s.mg/.env;404;
94.228.169.182;2023-10-14 12:27:02;GET;/assets/.env;301;
94.228.169.182;2023-10-14 12:27:02;GET;/assets/.env;404;
94.228.169.182;2023-10-14 12:27:03;GET;/assets/.env;404;
94.228.169.182;2023-10-14 12:27:03;GET;/data.iteam-s.mg/.env;301;
94.228.169.182;2023-10-14 12:27:04;GET;/data.iteam-s.mg/.env;404;
94.228.169.182;2023-10-14 12:27:04;GET;/data.iteam-s.mg/.env;404;
94.228.169.182;2023-10-14 12:27:04;GET;/shop/.env;301;
94.228.169.182;2023-10-14 12:27:05;GET;/shop/.env;404;
94.228.169.182;2023-10-14 12:27:05;GET;/shop/.env;404;
94.228.169.182;2023-10-14 12:27:06;GET;/data.iteam-s.mg/.env;301;
94.228.169.182;2023-10-14 12:27:06;GET;/data.iteam-s.mg/.env;404;
94.228.169.182;2023-10-14 12:27:07;GET;/data.iteam-s.mg/.env;404;
94.228.169.182;2023-10-14 12:27:07;GET;/dashboard/.env;301;
94.228.169.182;2023-10-14 12:27:07;GET;/dashboard/.env;404;
94.228.169.182;2023-10-14 12:27:08;GET;/dashboard/.env;404;
94.228.169.182;2023-10-14 12:27:08;GET;/data.iteam-s.mg/.env;301;
94.228.169.182;2023-10-14 12:27:09;GET;/data.iteam-s.mg/.env;404;
94.228.169.182;2023-10-14 12:27:09;GET;/data.iteam-s.mg/.env;404;
94.228.169.182;2023-10-14 12:27:10;GET;/public/.env;301;
94.228.169.182;2023-10-14 12:27:10;GET;/public/.env;404;
94.228.169.182;2023-10-14 12:27:10;GET;/public/.env;404;
94.228.169.182;2023-10-14 12:27:11;GET;/data.iteam-s.mg/.env;301;
94.228.169.182;2023-10-14 12:27:11;GET;/data.iteam-s.mg/.env;404;
94.228.169.182;2023-10-14 12:27:12;GET;/data.iteam-s.mg/.env;404;
94.228.169.182;2023-10-14 12:27:12;GET;/app/.env;301;
94.228.169.182;2023-10-14 12:27:13;GET;/app/.env;404;
94.228.169.182;2023-10-14 12:27:13;GET;/app/.env;404;
94.228.169.182;2023-10-14 12:27:14;GET;/data.iteam-s.mg/.env;301;
94.228.169.182;2023-10-14 12:27:14;GET;/data.iteam-s.mg/.env;404;
94.228.169.182;2023-10-14 12:27:15;GET;/data.iteam-s.mg/.env;404;
94.228.169.182;2023-10-14 12:27:15;GET;/production/.env;301;
94.228.169.182;2023-10-14 12:27:15;GET;/production/.env;404;
94.228.169.182;2023-10-14 12:27:16;GET;/production/.env;404;
94.228.169.182;2023-10-14 12:27:16;GET;/data.iteam-s.mg/.env;301;
94.228.169.182;2023-10-14 12:27:17;GET;/data.iteam-s.mg/.env;404;
94.228.169.182;2023-10-14 12:27:17;GET;/data.iteam-s.mg/.env;404;
94.228.169.182;2023-10-14 12:27:18;GET;/sites/all/libraries/mailchimp/.env;301;
94.228.169.182;2023-10-14 12:27:18;GET;/sites/all/libraries/mailchimp/.env;404;
94.228.169.182;2023-10-14 12:27:18;GET;/sites/all/libraries/mailchimp/.env;404;
94.228.169.182;2023-10-14 12:27:19;GET;/data.iteam-s.mg/.env;301;
94.228.169.182;2023-10-14 12:27:19;GET;/data.iteam-s.mg/.env;404;
94.228.169.182;2023-10-14 12:27:20;GET;/data.iteam-s.mg/.env;404;
94.228.169.182;2023-10-14 12:27:20;GET;/www/.env;301;
94.228.169.182;2023-10-14 12:27:20;GET;/www/.env;404;
94.228.169.182;2023-10-14 12:27:21;GET;/www/.env;404;
94.228.169.182;2023-10-14 12:27:21;GET;/data.iteam-s.mg/.env;301;
94.228.169.182;2023-10-14 12:27:22;GET;/data.iteam-s.mg/.env;404;
94.228.169.182;2023-10-14 12:27:23;GET;/data.iteam-s.mg/.env;404;
94.228.169.182;2023-10-14 12:27:23;GET;/protected/.env;301;
94.228.169.182;2023-10-14 12:27:24;GET;/protected/.env;404;
94.228.169.182;2023-10-14 12:27:24;GET;/protected/.env;404;
94.228.169.182;2023-10-14 12:27:24;GET;/data.iteam-s.mg/.env;301;
94.228.169.182;2023-10-14 12:27:25;GET;/data.iteam-s.mg/.env;404;
94.228.169.182;2023-10-14 12:27:25;GET;/data.iteam-s.mg/.env;404;
94.228.169.182;2023-10-14 12:27:26;GET;/core/.env;301;
94.228.169.182;2023-10-14 12:27:26;GET;/core/.env;404;
94.228.169.182;2023-10-14 12:27:27;GET;/core/.env;404;
94.228.169.182;2023-10-14 12:27:27;GET;/data.iteam-s.mg/.env;301;
94.228.169.182;2023-10-14 12:27:28;GET;/data.iteam-s.mg/.env;404;
94.228.169.182;2023-10-14 12:27:28;GET;/data.iteam-s.mg/.env;404;
94.228.169.182;2023-10-14 12:27:28;GET;/base/.env;301;
94.228.169.182;2023-10-14 12:27:29;GET;/base/.env;404;
94.228.169.182;2023-10-14 12:27:29;GET;/base/.env;404;
94.228.169.182;2023-10-14 12:27:30;GET;/data.iteam-s.mg/.env;301;
94.228.169.182;2023-10-14 12:27:30;GET;/data.iteam-s.mg/.env;404;
94.228.169.182;2023-10-14 12:27:31;GET;/data.iteam-s.mg/.env;404;
94.228.169.182;2023-10-14 12:27:31;GET;/src/.env;301;
94.228.169.182;2023-10-14 12:27:31;GET;/src/.env;404;
94.228.169.182;2023-10-14 12:27:32;GET;/src/.env;404;
94.228.169.182;2023-10-14 12:27:32;GET;/data.iteam-s.mg/.env;301;
94.228.169.182;2023-10-14 12:27:33;GET;/data.iteam-s.mg/.env;404;
94.228.169.182;2023-10-14 12:27:33;GET;/data.iteam-s.mg/.env;404;
94.228.169.182;2023-10-14 12:27:33;GET;/cgi-bin/.env;301;
94.228.169.182;2023-10-14 12:27:34;GET;/cgi-bin/.env;404;
94.228.169.182;2023-10-14 12:27:34;GET;/cgi-bin/.env;404;
94.228.169.182;2023-10-14 12:27:35;GET;/data.iteam-s.mg/.env;301;
94.228.169.182;2023-10-14 12:27:35;GET;/data.iteam-s.mg/.env;404;
94.228.169.182;2023-10-14 12:27:36;GET;/data.iteam-s.mg/.env;404;
94.228.169.182;2023-10-14 12:27:36;GET;/apps/.env;301;
94.228.169.182;2023-10-14 12:27:36;GET;/apps/.env;404;
94.228.169.182;2023-10-14 12:27:37;GET;/apps/.env;404;
94.228.169.182;2023-10-14 12:27:37;GET;/data.iteam-s.mg/.env;301;
94.228.169.182;2023-10-14 12:27:38;GET;/data.iteam-s.mg/.env;404;
94.228.169.182;2023-10-14 12:27:38;GET;/data.iteam-s.mg/.env;404;
94.228.169.182;2023-10-14 12:27:38;GET;/wp-content/.env;301;
94.228.169.182;2023-10-14 12:27:39;GET;/wp-content/.env;404;
94.228.169.182;2023-10-14 12:27:39;GET;/wp-content/.env;404;
94.228.169.182;2023-10-14 12:27:40;GET;/data.iteam-s.mg/.env;301;
94.228.169.182;2023-10-14 12:27:40;GET;/data.iteam-s.mg/.env;404;
94.228.169.182;2023-10-14 12:27:41;GET;/data.iteam-s.mg/.env;404;
94.228.169.182;2023-10-14 12:27:41;GET;/wp-admin/.env;301;
94.228.169.182;2023-10-14 12:27:42;GET;/wp-admin/.env;404;
94.228.169.182;2023-10-14 12:27:42;GET;/wp-admin/.env;404;
94.228.169.182;2023-10-14 12:27:42;GET;/data.iteam-s.mg/.env;301;
94.228.169.182;2023-10-14 12:27:43;GET;/data.iteam-s.mg/.env;404;
94.228.169.182;2023-10-14 12:27:43;GET;/data.iteam-s.mg/.env;404;
94.228.169.182;2023-10-14 12:27:44;GET;/library/.env;301;
94.228.169.182;2023-10-14 12:27:44;GET;/library/.env;404;
94.228.169.182;2023-10-14 12:27:45;GET;/library/.env;404;
94.228.169.182;2023-10-14 12:27:45;GET;/data.iteam-s.mg/.env;301;
94.228.169.182;2023-10-14 12:27:45;GET;/data.iteam-s.mg/.env;404;
94.228.169.182;2023-10-14 12:27:46;GET;/data.iteam-s.mg/.env;404;
94.228.169.182;2023-10-14 12:27:46;GET;/new/.env;301;
94.228.169.182;2023-10-14 12:27:47;GET;/new/.env;404;
94.228.169.182;2023-10-14 12:27:47;GET;/new/.env;404;
94.228.169.182;2023-10-14 12:27:47;GET;/data.iteam-s.mg/.env;301;
94.228.169.182;2023-10-14 12:27:48;GET;/data.iteam-s.mg/.env;404;
94.228.169.182;2023-10-14 12:27:48;GET;/data.iteam-s.mg/.env;404;
94.228.169.182;2023-10-14 12:27:49;GET;/old/.env;301;
94.228.169.182;2023-10-14 12:27:49;GET;/old/.env;404;
94.228.169.182;2023-10-14 12:27:50;GET;/old/.env;404;
94.228.169.182;2023-10-14 12:27:50;GET;/data.iteam-s.mg/.env;301;
94.228.169.182;2023-10-14 12:27:50;GET;/data.iteam-s.mg/.env;404;
94.228.169.182;2023-10-14 12:27:51;GET;/data.iteam-s.mg/.env;404;
94.228.169.182;2023-10-14 12:27:51;GET;/local/.env;301;
94.228.169.182;2023-10-14 12:27:52;GET;/local/.env;404;
94.228.169.182;2023-10-14 12:27:52;GET;/local/.env;404;
94.228.169.182;2023-10-14 12:27:52;GET;/data.iteam-s.mg/.env;301;
94.228.169.182;2023-10-14 12:27:53;GET;/data.iteam-s.mg/.env;404;
94.228.169.182;2023-10-14 12:27:53;GET;/data.iteam-s.mg/.env;404;
94.228.169.182;2023-10-14 12:27:54;GET;/crm/.env;301;
94.228.169.182;2023-10-14 12:27:54;GET;/crm/.env;404;
94.228.169.182;2023-10-14 12:27:55;GET;/crm/.env;404;
94.228.169.182;2023-10-14 12:27:55;GET;/data.iteam-s.mg/.env;301;
94.228.169.182;2023-10-14 12:27:55;GET;/data.iteam-s.mg/.env;404;
94.228.169.182;2023-10-14 12:27:56;GET;/data.iteam-s.mg/.env;404;
94.228.169.182;2023-10-14 12:27:56;GET;/audio/.env;301;
94.228.169.182;2023-10-14 12:27:57;GET;/audio/.env;404;
94.228.169.182;2023-10-14 12:27:57;GET;/audio/.env;404;
94.228.169.182;2023-10-14 12:27:57;GET;/data.iteam-s.mg/.env;301;
94.228.169.182;2023-10-14 12:27:58;GET;/data.iteam-s.mg/.env;404;
94.228.169.182;2023-10-14 12:27:58;GET;/data.iteam-s.mg/.env;404;
94.228.169.182;2023-10-14 12:27:59;GET;/app/config/.env;301;
94.228.169.182;2023-10-14 12:27:59;GET;/app/config/.env;404;
94.228.169.182;2023-10-14 12:28:00;GET;/app/config/.env;404;
94.228.169.182;2023-10-14 12:28:00;GET;/data.iteam-s.mg/.env;301;
94.228.169.182;2023-10-14 12:28:00;GET;/data.iteam-s.mg/.env;404;
94.228.169.182;2023-10-14 12:28:01;GET;/data.iteam-s.mg/.env;404;
94.228.169.182;2023-10-14 12:28:01;GET;/api/.env;301;
94.228.169.182;2023-10-14 12:28:02;GET;/api/.env;404;
94.228.169.182;2023-10-14 12:28:02;GET;/api/.env;404;
94.228.169.182;2023-10-14 12:28:03;GET;/data.iteam-s.mg/.env;301;
94.228.169.182;2023-10-14 12:28:03;GET;/data.iteam-s.mg/.env;404;
94.228.169.182;2023-10-14 12:28:04;GET;/data.iteam-s.mg/.env;404;
94.228.169.182;2023-10-14 12:28:04;GET;/conf/.env;301;
94.228.169.182;2023-10-14 12:28:04;GET;/conf/.env;404;
94.228.169.182;2023-10-14 12:28:05;GET;/conf/.env;404;
94.228.169.182;2023-10-14 12:28:05;GET;/data.iteam-s.mg/.env;301;
94.228.169.182;2023-10-14 12:28:06;GET;/data.iteam-s.mg/.env;404;
94.228.169.182;2023-10-14 12:28:06;GET;/data.iteam-s.mg/.env;404;
94.228.169.182;2023-10-14 12:28:06;GET;/database/.env;301;
94.228.169.182;2023-10-14 12:28:07;GET;/database/.env;404;
94.228.169.182;2023-10-14 12:28:07;GET;/database/.env;404;
94.228.169.182;2023-10-14 12:28:08;GET;/data.iteam-s.mg/.env;301;
94.228.169.182;2023-10-14 12:28:08;GET;/data.iteam-s.mg/.env;404;
94.228.169.182;2023-10-14 12:28:09;GET;/data.iteam-s.mg/.env;404;
94.228.169.182;2023-10-14 12:28:09;GET;/vendor/phpunit/phpunit/src/Util/PHP/eval-stdin.php;404;
3.137.203.71;2023-10-14 12:32:29;GET;/;200;
139.162.8.154;2023-10-14 12:32:46;HEAD;/;502;
52.167.144.65;2023-10-14 12:38:51;GET;/robots.txt;404;
40.77.167.52;2023-10-14 12:39:01;GET;/sitemap.xml.gz;404;
205.210.31.165;2023-10-14 12:40:34;GET;/;301;
162.19.101.80;2023-10-14 12:41:13;GET;/utop;404;
3.137.203.71;2023-10-14 12:41:20;GET;/;200;
3.137.203.71;2023-10-14 12:41:41;GET;/js/bootstrap.bundle.min.js;200;
3.137.203.71;2023-10-14 12:42:00;GET;/js/bootstrap.bundle.min.js;200;
154.126.11.106;2023-10-14 12:42:01;GET;/?u=lahatra;200;
154.126.11.106;2023-10-14 12:42:02;GET;/libs/css/bootstrap.min.css;200;
154.126.11.106;2023-10-14 12:42:02;GET;/libs/css/et-lineicons.css;200;
154.126.11.106;2023-10-14 12:42:02;GET;/libs/css/font-awesome.css;200;
154.126.11.106;2023-10-14 12:42:03;GET;/libs/css/magnific-popup.css;200;
154.126.11.106;2023-10-14 12:42:03;GET;/libs/css/owl.carousel.min.css;200;
154.126.11.106;2023-10-14 12:42:03;GET;/libs/css/owl.theme.default.min.css;200;
154.126.11.106;2023-10-14 12:42:03;GET;/libs/css/aos.css;200;
154.126.11.106;2023-10-14 12:42:03;GET;/libs/css/style.css;200;
154.126.11.106;2023-10-14 12:42:03;GET;/libs/css/wdcss.css;200;
154.126.11.106;2023-10-14 12:42:03;GET;/libs/css/dark.css;200;
154.126.11.106;2023-10-14 12:42:03;GET;/libs/bootstrap/css/style.css;200;
154.126.11.106;2023-10-14 12:42:04;GET;/libs/css/pinegram.min.css;200;
154.126.11.106;2023-10-14 12:42:04;GET;/libs/js/jquery-3.0.0.min.js;200;
154.126.11.106;2023-10-14 12:42:04;GET;/libs/js/jquery-migrate-3.0.0.min.js;200;
154.126.11.106;2023-10-14 12:42:05;GET;/libs/js/popper.min.js;200;
154.126.11.106;2023-10-14 12:42:05;GET;/libs/img/loader.gif;200;
154.126.11.106;2023-10-14 12:42:05;GET;/libs/js/bootstrap.min.js;200;
154.126.11.106;2023-10-14 12:42:06;GET;/libs/js/scrollIt.min.js;200;
154.126.11.106;2023-10-14 12:42:06;GET;/libs/js/jquery.waypoints.min.js;200;
154.126.11.106;2023-10-14 12:42:06;GET;/libs/js/owl.carousel.min.js;200;
154.126.11.106;2023-10-14 12:42:07;GET;/libs/js/jquery.magnific-popup.min.js;200;
154.126.11.106;2023-10-14 12:42:07;GET;/libs/js/jquery.stellar.min.js;200;
154.126.11.106;2023-10-14 12:42:07;GET;/libs/js/isotope.pkgd.min.js;200;
154.126.11.106;2023-10-14 12:42:07;GET;/libs/js/validator.js;200;
154.126.11.106;2023-10-14 12:42:07;GET;/libs/js/particles.min.js;200;
154.126.11.106;2023-10-14 12:42:07;GET;/libs/js/autotype.js;200;
154.126.11.106;2023-10-14 12:42:08;GET;/libs/js/aos.js;200;
154.126.11.106;2023-10-14 12:42:08;GET;/libs/js/wscript.js;200;
154.126.11.106;2023-10-14 12:42:08;GET;/libs/js/scripts.js;200;
154.126.11.106;2023-10-14 12:42:08;GET;/libs/js/proj.js;200;
154.126.11.106;2023-10-14 12:42:08;GET;/libs/img/iteams.png;200;
154.126.11.106;2023-10-14 12:42:08;GET;/libs/img/banner.png;200;
154.126.11.106;2023-10-14 12:42:09;GET;/libs/fonts/et-line.woff;200;
154.126.11.106;2023-10-14 12:42:09;GET;/libs/fonts/fontawesome-webfont-v%3d4.6.3.woff2;200;
3.137.203.71;2023-10-14 12:42:18;GET;/js/bootstrap.bundle.min.js;200;
3.137.203.71;2023-10-14 12:42:39;GET;/js/bootstrap.bundle.min.js;200;
3.137.203.71;2023-10-14 12:42:56;GET;/js/bootstrap.bundle.min.js;200;
3.137.203.71;2023-10-14 12:43:11;GET;/;200;
3.137.203.71;2023-10-14 12:43:27;GET;/_next/static/chunks/d7eeaac4-396d1d8a0fb425ed.js;200;
3.137.203.71;2023-10-14 12:43:27;GET;/_next/static/chunks/pages/index-fa2caaffa8a353d8.js;200;
3.137.203.71;2023-10-14 12:43:27;GET;/_next/static/chunks/pages/_app-018c911f000588cd.js;200;
3.137.203.71;2023-10-14 12:43:27;GET;/_next/static/chunks/main-90a34299418a0f2b.js;200;
3.137.203.71;2023-10-14 12:43:27;GET;/_next/static/chunks/webpack-6ef43a8d4a395f49.js;200;
3.137.203.71;2023-10-14 12:43:27;GET;/_next/static/chunks/545f34e4-e91c95308f2663ad.js;200;
3.137.203.71;2023-10-14 12:43:27;GET;/_next/static/chunks/d0447323-aa7f6e6cbffe94bc.js;200;
3.137.203.71;2023-10-14 12:43:27;GET;/_next/static/F17p1gmGg1sLue7XVhWY1/_ssgManifest.js;200;
3.137.203.71;2023-10-14 12:43:28;GET;/_next/static/chunks/polyfills-c67a75d1b6f99dc8.js;200;
3.137.203.71;2023-10-14 12:43:28;GET;/_next/static/chunks/252f366e-f8b6a4986768e88b.js;200;
3.137.203.71;2023-10-14 12:43:28;GET;/_next/static/chunks/framework-3b5a00d5d7e8d93b.js;200;
3.137.203.71;2023-10-14 12:43:28;GET;/_next/static/chunks/19-23bf5a9fda0edfc2.js;200;
3.137.203.71;2023-10-14 12:43:29;GET;/_next/static/F17p1gmGg1sLue7XVhWY1/_buildManifest.js;200;
3.137.203.71;2023-10-14 12:43:30;GET;/_next/static/chunks/1bfc9850-b21ad6654faf2f76.js;200;
3.137.203.71;2023-10-14 12:43:45;GET;/_next/static/chunks/d7eeaac4-396d1d8a0fb425ed.js;200;
3.137.203.71;2023-10-14 12:43:45;GET;/_next/static/chunks/pages/_app-018c911f000588cd.js;200;
3.137.203.71;2023-10-14 12:43:45;GET;/_next/static/chunks/webpack-6ef43a8d4a395f49.js;200;
3.137.203.71;2023-10-14 12:43:45;GET;/_next/static/chunks/1bfc9850-b21ad6654faf2f76.js;200;
3.137.203.71;2023-10-14 12:43:45;GET;/_next/static/chunks/pages/index-fa2caaffa8a353d8.js;200;
3.137.203.71;2023-10-14 12:43:45;GET;/_next/static/chunks/polyfills-c67a75d1b6f99dc8.js;200;
3.137.203.71;2023-10-14 12:43:45;GET;/_next/static/chunks/framework-3b5a00d5d7e8d93b.js;200;
3.137.203.71;2023-10-14 12:43:46;GET;/_next/static/chunks/d0447323-aa7f6e6cbffe94bc.js;200;
3.137.203.71;2023-10-14 12:43:46;GET;/_next/static/chunks/19-23bf5a9fda0edfc2.js;200;
3.137.203.71;2023-10-14 12:43:46;GET;/_next/static/chunks/545f34e4-e91c95308f2663ad.js;200;
3.137.203.71;2023-10-14 12:43:46;GET;/_next/static/chunks/main-90a34299418a0f2b.js;200;
3.137.203.71;2023-10-14 12:43:46;GET;/_next/static/F17p1gmGg1sLue7XVhWY1/_ssgManifest.js;200;
3.137.203.71;2023-10-14 12:43:47;GET;/_next/static/F17p1gmGg1sLue7XVhWY1/_buildManifest.js;200;
3.137.203.71;2023-10-14 12:43:47;GET;/_next/static/chunks/252f366e-f8b6a4986768e88b.js;200;
3.137.203.71;2023-10-14 12:44:00;GET;/_next/static/chunks/252f366e-f8b6a4986768e88b.js;200;
3.137.203.71;2023-10-14 12:44:00;GET;/_next/static/chunks/d7eeaac4-396d1d8a0fb425ed.js;200;
3.137.203.71;2023-10-14 12:44:00;GET;/_next/static/chunks/d0447323-aa7f6e6cbffe94bc.js;200;
3.137.203.71;2023-10-14 12:44:00;GET;/_next/static/chunks/pages/index-fa2caaffa8a353d8.js;200;
3.137.203.71;2023-10-14 12:44:00;GET;/_next/static/chunks/pages/_app-018c911f000588cd.js;200;
3.137.203.71;2023-10-14 12:44:00;GET;/_next/static/chunks/polyfills-c67a75d1b6f99dc8.js;200;
3.137.203.71;2023-10-14 12:44:00;GET;/_next/static/F17p1gmGg1sLue7XVhWY1/_buildManifest.js;200;
3.137.203.71;2023-10-14 12:44:00;GET;/_next/static/chunks/webpack-6ef43a8d4a395f49.js;200;
3.137.203.71;2023-10-14 12:44:00;GET;/_next/static/chunks/framework-3b5a00d5d7e8d93b.js;200;
3.137.203.71;2023-10-14 12:44:00;GET;/_next/static/chunks/main-90a34299418a0f2b.js;200;
3.137.203.71;2023-10-14 12:44:00;GET;/_next/static/F17p1gmGg1sLue7XVhWY1/_ssgManifest.js;200;
3.137.203.71;2023-10-14 12:44:00;GET;/_next/static/chunks/1bfc9850-b21ad6654faf2f76.js;200;
3.137.203.71;2023-10-14 12:44:00;GET;/_next/static/chunks/545f34e4-e91c95308f2663ad.js;200;
3.137.203.71;2023-10-14 12:44:05;GET;/_next/static/chunks/19-23bf5a9fda0edfc2.js;499;
3.137.203.71;2023-10-14 12:44:05;GET;/_next/static/chunks/19-23bf5a9fda0edfc2.js;301;
3.137.203.71;2023-10-14 12:44:15;GET;/_next/static/chunks/d0447323-aa7f6e6cbffe94bc.js;200;
3.137.203.71;2023-10-14 12:44:15;GET;/_next/static/chunks/1bfc9850-b21ad6654faf2f76.js;200;
3.137.203.71;2023-10-14 12:44:15;GET;/_next/static/chunks/545f34e4-e91c95308f2663ad.js;200;
3.137.203.71;2023-10-14 12:44:15;GET;/_next/static/chunks/pages/_app-018c911f000588cd.js;200;
3.137.203.71;2023-10-14 12:44:15;GET;/_next/static/F17p1gmGg1sLue7XVhWY1/_buildManifest.js;200;
3.137.203.71;2023-10-14 12:44:15;GET;/_next/static/F17p1gmGg1sLue7XVhWY1/_ssgManifest.js;200;
3.137.203.71;2023-10-14 12:44:15;GET;/_next/static/chunks/252f366e-f8b6a4986768e88b.js;200;
3.137.203.71;2023-10-14 12:44:15;GET;/_next/static/chunks/d7eeaac4-396d1d8a0fb425ed.js;200;
3.137.203.71;2023-10-14 12:44:15;GET;/_next/static/chunks/webpack-6ef43a8d4a395f49.js;200;
3.137.203.71;2023-10-14 12:44:15;GET;/_next/static/chunks/pages/index-fa2caaffa8a353d8.js;200;
3.137.203.71;2023-10-14 12:44:15;GET;/_next/static/chunks/main-90a34299418a0f2b.js;200;
3.137.203.71;2023-10-14 12:44:15;GET;/_next/static/chunks/polyfills-c67a75d1b6f99dc8.js;200;
3.137.203.71;2023-10-14 12:44:15;GET;/_next/static/chunks/framework-3b5a00d5d7e8d93b.js;200;
3.137.203.71;2023-10-14 12:44:16;GET;/_next/static/chunks/19-23bf5a9fda0edfc2.js;200;
3.137.203.71;2023-10-14 12:44:33;GET;/_next/static/chunks/545f34e4-e91c95308f2663ad.js;200;
3.137.203.71;2023-10-14 12:44:33;GET;/_next/static/chunks/252f366e-f8b6a4986768e88b.js;200;
3.137.203.71;2023-10-14 12:44:33;GET;/_next/static/chunks/1bfc9850-b21ad6654faf2f76.js;200;
3.137.203.71;2023-10-14 12:44:33;GET;/_next/static/chunks/d0447323-aa7f6e6cbffe94bc.js;200;
3.137.203.71;2023-10-14 12:44:33;GET;/_next/static/chunks/d7eeaac4-396d1d8a0fb425ed.js;200;
3.137.203.71;2023-10-14 12:44:33;GET;/_next/static/chunks/pages/_app-018c911f000588cd.js;200;
3.137.203.71;2023-10-14 12:44:33;GET;/_next/static/chunks/pages/index-fa2caaffa8a353d8.js;200;
3.137.203.71;2023-10-14 12:44:33;GET;/_next/static/F17p1gmGg1sLue7XVhWY1/_buildManifest.js;200;
3.137.203.71;2023-10-14 12:44:33;GET;/_next/static/chunks/webpack-6ef43a8d4a395f49.js;200;
3.137.203.71;2023-10-14 12:44:33;GET;/_next/static/chunks/main-90a34299418a0f2b.js;200;
3.137.203.71;2023-10-14 12:44:33;GET;/_next/static/chunks/polyfills-c67a75d1b6f99dc8.js;200;
3.137.203.71;2023-10-14 12:44:33;GET;/_next/static/chunks/framework-3b5a00d5d7e8d93b.js;200;
3.137.203.71;2023-10-14 12:44:33;GET;/_next/static/chunks/19-23bf5a9fda0edfc2.js;200;
3.137.203.71;2023-10-14 12:44:33;GET;/_next/static/F17p1gmGg1sLue7XVhWY1/_ssgManifest.js;200;
109.237.97.180;2023-10-14 12:45:35;GET;/.env;404;
109.237.97.180;2023-10-14 12:45:36;;;;
198.235.24.225;2023-10-14 12:49:06;GET;/;301;
34.220.127.100;2023-10-14 12:51:29;GET;/;200;
69.171.249.3;2023-10-14 12:53:56;GET;/;301;
69.171.249.3;2023-10-14 12:53:57;GET;/;200;
89.104.100.83;2023-10-14 13:01:25;GET;/;301;
176.53.222.190;2023-10-14 13:01:27;GET;/;502;
176.53.223.133;2023-10-14 13:01:28;GET;/;301;
176.53.222.190;2023-10-14 13:01:29;GET;/;502;
176.53.222.215;2023-10-14 13:01:30;GET;/favicon.ico;301;
176.53.222.190;2023-10-14 13:01:31;GET;/favicon.ico;502;
89.104.100.0;2023-10-14 13:01:34;GET;/favicon.ico;301;
176.53.222.190;2023-10-14 13:01:34;GET;/favicon.ico;502;
176.53.218.158;2023-10-14 13:01:35;GET;/favicon.ico;502;
176.53.218.158;2023-10-14 13:01:35;GET;/favicon.ico;502;
176.53.218.158;2023-10-14 13:01:35;GET;/;502;
176.53.218.158;2023-10-14 13:01:36;GET;/;502;
176.53.218.158;2023-10-14 13:01:36;GET;/favicon.ico;502;
176.53.218.158;2023-10-14 13:01:36;GET;/favicon.ico;502;
176.53.221.109;2023-10-14 13:03:23;GET;/;301;
89.104.111.37;2023-10-14 13:03:26;GET;/;404;
89.104.110.150;2023-10-14 13:03:29;GET;/favicon.ico;301;
89.104.111.37;2023-10-14 13:03:30;GET;/favicon.ico;404;
45.90.61.222;2023-10-14 13:03:34;GET;/favicon.ico;404;
45.90.61.222;2023-10-14 13:03:35;GET;/;404;
45.90.61.222;2023-10-14 13:03:35;GET;/favicon.ico;404;
3.137.203.71;2023-10-14 13:05:18;GET;/;502;
101.68.211.2;2023-10-14 13:11:11;GET;/;301;
101.68.211.2;2023-10-14 13:13:26;GET;/;301;
101.68.211.2;2023-10-14 13:13:28;GET;/;502;
101.68.211.2;2023-10-14 13:13:29;GET;/favicon.ico;301;
101.68.211.2;2023-10-14 13:13:30;GET;/favicon.ico;502;
101.68.211.2;2023-10-14 13:13:32;GET;/;502;
101.68.211.2;2023-10-14 13:13:33;GET;/robots.txt;301;
69.171.249.120;2023-10-14 13:16:38;GET;/?u=Dominick;200;
3.137.203.71;2023-10-14 13:16:52;GET;/;404;
83.97.73.87;2023-10-14 13:19:36;GET;/?XDEBUG_SESSION_START=phpstorm;302;
83.97.73.87;2023-10-14 13:19:39;GET;/api;200;
107.170.252.59;2023-10-14 13:23:48;GET;/manager/html;404;
198.235.24.132;2023-10-14 13:24:19;GET;/;301;
198.235.24.132;2023-10-14 13:24:19;GET;/;404;
205.210.31.45;2023-10-14 13:33:47;GET;/;302;
205.210.31.45;2023-10-14 13:33:48;GET;/?u=compta;200;
54.172.75.224;2023-10-14 13:35:40;GET;/.git/config;302;
54.172.75.224;2023-10-14 13:35:42;GET;/?u=hiu-api;200;
54.172.75.224;2023-10-14 13:35:43;GET;/.git/config;302;
54.172.75.224;2023-10-14 13:35:43;GET;/.git/config;301;
54.172.75.224;2023-10-14 13:35:44;GET;/?u=hiu-api;200;
54.172.75.224;2023-10-14 13:35:44;GET;/.git/config;301;
54.172.75.224;2023-10-14 13:36:09;GET;/.git/config;301;
101.68.211.2;2023-10-14 13:36:43;GET;/;502;
54.172.75.224;2023-10-14 13:36:47;GET;/?u=hiu-api;200;
54.172.75.224;2023-10-14 13:36:47;GET;/.git/config;301;
101.68.211.2;2023-10-14 13:37:38;GET;/;502;
101.68.211.2;2023-10-14 13:37:39;GET;/;502;
101.68.211.2;2023-10-14 13:37:40;GET;/favicon.ico;502;
101.68.211.2;2023-10-14 13:37:42;GET;/robots.txt;502;
183.136.225.42;2023-10-14 13:39:29;GET;/;302;
183.136.225.42;2023-10-14 13:39:40;GET;/;404;
183.136.225.42;2023-10-14 13:39:41;GET;/;404;
183.136.225.42;2023-10-14 13:39:42;GET;/favicon.ico;404;
183.136.225.42;2023-10-14 13:39:42;GET;/robots.txt;404;
101.68.211.2;2023-10-14 13:40:15;GET;/;502;
101.68.211.2;2023-10-14 13:40:15;GET;/favicon.ico;502;
101.68.211.2;2023-10-14 13:40:16;GET;/robots.txt;502;
198.235.24.154;2023-10-14 13:42:22;GET;/;502;
89.104.110.199;2023-10-14 13:45:46;GET;/;301;
176.53.223.57;2023-10-14 13:45:47;GET;/;302;
176.53.223.57;2023-10-14 13:45:47;GET;/api;200;
89.104.110.9;2023-10-14 13:45:49;GET;/favicon.ico;200;
176.53.222.45;2023-10-14 13:45:52;GET;/favicon.ico;301;
176.53.223.57;2023-10-14 13:45:52;GET;/favicon.ico;200;
89.104.110.9;2023-10-14 13:45:53;GET;/;302;
89.104.110.9;2023-10-14 13:45:53;GET;/api;200;
89.104.110.9;2023-10-14 13:45:53;GET;/favicon.ico;200;
198.235.24.159;2023-10-14 13:45:58;GET;/;302;
198.235.24.159;2023-10-14 13:45:59;GET;/?u=www.darcia;200;
205.210.31.20;2023-10-14 13:50:49;GET;/;301;
193.35.18.187;2023-10-14 13:51:38;CONNECT;google.com:443;400;
40.77.167.85;2023-10-14 13:54:10;GET;/robots.txt;404;
52.167.144.195;2023-10-14 13:54:14;GET;/;200;
40.77.167.1;2023-10-14 13:54:20;GET;/sitemap.xml.gz;404;
185.213.83.236;2023-10-14 13:56:45;GET;/;301;
170.130.204.2;2023-10-14 14:07:17;GET;/;302;
170.130.204.2;2023-10-14 14:07:17;GET;/;302;
170.130.204.2;2023-10-14 14:07:17;GET;/api;200;
205.210.31.177;2023-10-14 14:09:04;GET;/;200;
198.235.24.177;2023-10-14 14:10:17;GET;/;302;
54.189.160.224;2023-10-14 14:11:49;GET;/;502;
35.195.27.68;2023-10-14 14:15:13;GET;/ews/ews/;404;
205.210.31.175;2023-10-14 14:19:35;GET;/;302;
205.210.31.175;2023-10-14 14:19:36;GET;/?u=tsiory;200;
35.88.190.19;2023-10-14 14:32:39;GET;/api;200;
205.210.31.137;2023-10-14 14:34:32;GET;/;200;
205.210.31.44;2023-10-14 14:35:19;GET;/;200;
198.235.24.17;2023-10-14 14:45:57;GET;/;302;
198.235.24.17;2023-10-14 14:45:58;GET;/?u=dominick;200;
83.97.73.87;2023-10-14 14:56:02;GET;/actuator/gateway/routes;404;
198.235.24.120;2023-10-14 14:57:39;GET;/;301;
198.235.24.165;2023-10-14 14:58:51;GET;/;301;
198.235.24.165;2023-10-14 14:58:52;GET;/;200;
101.67.138.218;2023-10-14 15:07:36;GET;/;301;
101.67.138.218;2023-10-14 15:07:39;GET;/?u=chatgpt;200;
101.67.138.218;2023-10-14 15:07:40;GET;/favicon.ico;301;
117.40.113.52;2023-10-14 15:07:42;GET;/?u=chatgpt;200;
117.40.113.52;2023-10-14 15:08:02;GET;/;302;
59.173.180.56;2023-10-14 15:08:13;GET;/?u=chatgpt;200;
205.210.31.166;2023-10-14 15:13:05;GET;/;200;
198.235.24.102;2023-10-14 15:14:27;GET;/;302;
205.210.31.162;2023-10-14 15:18:37;GET;/;302;
205.210.31.162;2023-10-14 15:18:38;GET;/?u=www.bertilo;200;
198.235.24.47;2023-10-14 15:18:39;GET;/;301;
203.192.210.158;2023-10-14 15:19:47;POST;/cgi/networkDiag.cgi;404;
203.192.210.158;2023-10-14 15:19:47;;;400;
198.235.24.53;2023-10-14 15:34:24;GET;/;302;
198.235.24.37;2023-10-14 15:39:31;GET;/;301;
198.235.24.37;2023-10-14 15:39:32;GET;/;404;
205.210.31.72;2023-10-14 15:43:41;GET;/;302;
